Pathogen	Class	Sample_description	BioSample	BioProject	Tissue
Aglycines	insect	control_res	SAMN05327832	PRJNA327272	leaves
Aglycines	insect	control_res	SAMN05327833	PRJNA327272	leaves
Aglycines	insect	control_res	SAMN05327831	PRJNA327272	leaves
Aglycines	insect	control_sus	SAMN05327843	PRJNA327272	leaves
Aglycines	insect	control_sus	SAMN05327844	PRJNA327272	leaves
Aglycines	insect	control_sus	SAMN05327845	PRJNA327272	leaves
Aglycines	insect	stress_res_12h	SAMN05327837	PRJNA327272	leaves
Aglycines	insect	stress_res_12h	SAMN05327838	PRJNA327272	leaves
Aglycines	insect	stress_res_12h	SAMN05327839	PRJNA327272	leaves
Aglycines	insect	stress_res_48h	SAMN05327840	PRJNA327272	leaves
Aglycines	insect	stress_res_48h	SAMN05327841	PRJNA327272	leaves
Aglycines	insect	stress_res_48h	SAMN05327842	PRJNA327272	leaves
Aglycines	insect	stress_res_6h	SAMN05327834	PRJNA327272	leaves
Aglycines	insect	stress_res_6h	SAMN05327835	PRJNA327272	leaves
Aglycines	insect	stress_res_6h	SAMN05327836	PRJNA327272	leaves
Aglycines	insect	stress_sus_12h	SAMN05327849	PRJNA327272	leaves
Aglycines	insect	stress_sus_12h	SAMN05327850	PRJNA327272	leaves
Aglycines	insect	stress_sus_12h	SAMN05327851	PRJNA327272	leaves
Aglycines	insect	stress_sus_48h	SAMN05327853	PRJNA327272	leaves
Aglycines	insect	stress_sus_48h	SAMN05327852	PRJNA327272	leaves
Aglycines	insect	stress_sus_48h	SAMN05327854	PRJNA327272	leaves
Aglycines	insect	stress_sus_6h	SAMN05327846	PRJNA327272	leaves
Aglycines	insect	stress_sus_6h	SAMN05327847	PRJNA327272	leaves
Aglycines	insect	stress_sus_6h	SAMN05327848	PRJNA327272	leaves
Aglycines	insect	control_24HAI_antibiotic	SAMN13520113	PRJNA594515	leaves
Aglycines	insect	control_24HAI_antibiotic	SAMN13520112	PRJNA594515	leaves
Aglycines	insect	control_24HAI_antibiotic	SAMN13520111	PRJNA594515	leaves
Aglycines	insect	control_24HAI_antixenotic	SAMN13520067	PRJNA594515	leaves
Aglycines	insect	control_24HAI_antixenotic	SAMN13520066	PRJNA594515	leaves
Aglycines	insect	control_24HAI_antixenotic	SAMN13520065	PRJNA594515	leaves
Aglycines	insect	control_24HAI_susceptible	SAMN13520095	PRJNA594515	leaves
Aglycines	insect	control_24HAI_susceptible	SAMN13520094	PRJNA594515	leaves
Aglycines	insect	control_24HAI_susceptible	SAMN13520093	PRJNA594515	leaves
Aglycines	insect	control_48HAI_antibiotic	SAMN13520107	PRJNA594515	leaves
Aglycines	insect	control_48HAI_antibiotic	SAMN13520106	PRJNA594515	leaves
Aglycines	insect	control_48HAI_antibiotic	SAMN13520105	PRJNA594515	leaves
Aglycines	insect	control_48HAI_antixenotic	SAMN13520061	PRJNA594515	leaves
Aglycines	insect	control_48HAI_antixenotic	SAMN13520060	PRJNA594515	leaves
Aglycines	insect	control_48HAI_antixenotic	SAMN13520059	PRJNA594515	leaves
Aglycines	insect	control_48HAI_susceptible	SAMN13520079	PRJNA594515	leaves
Aglycines	insect	control_48HAI_susceptible	SAMN13520078	PRJNA594515	leaves
Aglycines	insect	control_48HAI_susceptible	SAMN13520077	PRJNA594515	leaves
Aglycines	insect	control_96HAI_antibiotic	SAMN13520101	PRJNA594515	leaves
Aglycines	insect	control_96HAI_antibiotic	SAMN13520100	PRJNA594515	leaves
Aglycines	insect	control_96HAI_antibiotic	SAMN13520099	PRJNA594515	leaves
Aglycines	insect	control_96HAI_antixenotic	SAMN13520119	PRJNA594515	leaves
Aglycines	insect	control_96HAI_antixenotic	SAMN13520118	PRJNA594515	leaves
Aglycines	insect	control_96HAI_antixenotic	SAMN13520117	PRJNA594515	leaves
Aglycines	insect	control_96HAI_susceptible	SAMN13520073	PRJNA594515	leaves
Aglycines	insect	control_96HAI_susceptible	SAMN13520072	PRJNA594515	leaves
Aglycines	insect	control_96HAI_susceptible	SAMN13520071	PRJNA594515	leaves
Aglycines	insect	stress_24HAI_antibiotic	SAMN13520110	PRJNA594515	leaves
Aglycines	insect	stress_24HAI_antibiotic	SAMN13520109	PRJNA594515	leaves
Aglycines	insect	stress_24HAI_antibiotic	SAMN13520108	PRJNA594515	leaves
Aglycines	insect	stress_24HAI_antixenotic	SAMN13520064	PRJNA594515	leaves
Aglycines	insect	stress_24HAI_antixenotic	SAMN13520063	PRJNA594515	leaves
Aglycines	insect	stress_24HAI_antixenotic	SAMN13520062	PRJNA594515	leaves
Aglycines	insect	stress_24HAI_susceptible	SAMN13520082	PRJNA594515	leaves
Aglycines	insect	stress_24HAI_susceptible	SAMN13520081	PRJNA594515	leaves
Aglycines	insect	stress_24HAI_susceptible	SAMN13520080	PRJNA594515	leaves
Aglycines	insect	stress_48HAI_antibiotic	SAMN13520104	PRJNA594515	leaves
Aglycines	insect	stress_48HAI_antibiotic	SAMN13520103	PRJNA594515	leaves
Aglycines	insect	stress_48HAI_antibiotic	SAMN13520102	PRJNA594515	leaves
Aglycines	insect	stress_48HAI_antixenotic	SAMN13520122	PRJNA594515	leaves
Aglycines	insect	stress_48HAI_antixenotic	SAMN13520121	PRJNA594515	leaves
Aglycines	insect	stress_48HAI_antixenotic	SAMN13520120	PRJNA594515	leaves
Aglycines	insect	stress_48HAI_susceptible	SAMN13520076	PRJNA594515	leaves
Aglycines	insect	stress_48HAI_susceptible	SAMN13520075	PRJNA594515	leaves
Aglycines	insect	stress_48HAI_susceptible	SAMN13520074	PRJNA594515	leaves
Aglycines	insect	stress_96HAI_antibiotic	SAMN13520097	PRJNA594515	leaves
Aglycines	insect	stress_96HAI_antibiotic	SAMN13520096	PRJNA594515	leaves
Aglycines	insect	stress_96HAI_antibiotic	SAMN13520098	PRJNA594515	leaves
Aglycines	insect	stress_96HAI_antixenotic	SAMN13520116	PRJNA594515	leaves
Aglycines	insect	stress_96HAI_antixenotic	SAMN13520114	PRJNA594515	leaves
Aglycines	insect	stress_96HAI_antixenotic	SAMN13520115	PRJNA594515	leaves
Aglycines	insect	stress_96HAI_susceptible	SAMN13520070	PRJNA594515	leaves
Aglycines	insect	stress_96HAI_susceptible	SAMN13520068	PRJNA594515	leaves
Aglycines	insect	stress_96HAI_susceptible	SAMN13520069	PRJNA594515	leaves
Aglycines	insect	res_0h	SAMN03473672	PRJNA280872	leaves
Aglycines	insect	res_0h	SAMN03473677	PRJNA280872	leaves
Aglycines	insect	res_24h	SAMN03473675	PRJNA280872	leaves
Aglycines	insect	res_24h	SAMN03473680	PRJNA280872	leaves
Aglycines	insect	res_48h	SAMN03473676	PRJNA280872	leaves
Aglycines	insect	res_48h	SAMN03473681	PRJNA280872	leaves
Aglycines	insect	res_4h	SAMN03473673	PRJNA280872	leaves
Aglycines	insect	res_4h	SAMN03473678	PRJNA280872	leaves
Aglycines	insect	res_8h	SAMN03473674	PRJNA280872	leaves
Aglycines	insect	res_8h	SAMN03473679	PRJNA280872	leaves
Aglycines	insect	sus_0h	SAMN03473682	PRJNA280872	leaves
Aglycines	insect	sus_0h	SAMN03473687	PRJNA280872	leaves
Aglycines	insect	sus_24h	SAMN03473685	PRJNA280872	leaves
Aglycines	insect	sus_24h	SAMN03473690	PRJNA280872	leaves
Aglycines	insect	sus_48h	SAMN03473686	PRJNA280872	leaves
Aglycines	insect	sus_48h	SAMN03473671	PRJNA280872	leaves
Aglycines	insect	sus_4h	SAMN03473683	PRJNA280872	leaves
Aglycines	insect	sus_4h	SAMN03473688	PRJNA280872	leaves
Aglycines	insect	sus_8h	SAMN03473684	PRJNA280872	leaves
Aglycines	insect	sus_8h	SAMN03473689	PRJNA280872	leaves
Fgraminearum	fungus	control_PI567301B	SAMN09295119	PRJNA474234	seedling
Fgraminearum	fungus	control_PI567301B	SAMN09295120	PRJNA474234	seedling
Fgraminearum	fungus	control_PI567301B	SAMN09295121	PRJNA474234	seedling
Fgraminearum	fungus	control_wyandot	SAMN09295126	PRJNA474234	seedling
Fgraminearum	fungus	control_wyandot	SAMN09295125	PRJNA474234	seedling
Fgraminearum	fungus	control_wyandot	SAMN09295127	PRJNA474234	seedling
Fgraminearum	fungus	stress_PI567301B	SAMN09295123	PRJNA474234	seedling
Fgraminearum	fungus	stress_PI567301B	SAMN09295124	PRJNA474234	seedling
Fgraminearum	fungus	stress_PI567301B	SAMN09295122	PRJNA474234	seedling
Fgraminearum	fungus	stress_wyandot	SAMN09295128	PRJNA474234	seedling
Fgraminearum	fungus	stress_wyandot	SAMN09295129	PRJNA474234	seedling
Fgraminearum	fungus	stress_wyandot	SAMN09295130	PRJNA474234	seedling
Foxysporum	fungus	control_72h	SAMN03406697	PRJNA278121	root
Foxysporum	fungus	control_72h	SAMN03406696	PRJNA278121	root
Foxysporum	fungus	control_72h	SAMN03406694	PRJNA278121	root
Foxysporum	fungus	control_96h	SAMN03406695	PRJNA278121	root
Foxysporum	fungus	control_96h	SAMN03406693	PRJNA278121	root
Foxysporum	fungus	control_96h	SAMN03406702	PRJNA278121	root
Foxysporum	fungus	stress_72h_FO36	SAMN03406706	PRJNA278121	root
Foxysporum	fungus	stress_72h_FO36	SAMN03406703	PRJNA278121	root
Foxysporum	fungus	stress_72h_FO36	SAMN03406710	PRJNA278121	root
Foxysporum	fungus	stress_72h_FO40	SAMN03406700	PRJNA278121	root
Foxysporum	fungus	stress_72h_FO40	SAMN03406708	PRJNA278121	root
Foxysporum	fungus	stress_72h_FO40	SAMN03406705	PRJNA278121	root
Foxysporum	fungus	stress_96h_FO36	SAMN03406709	PRJNA278121	root
Foxysporum	fungus	stress_96h_FO36	SAMN03406707	PRJNA278121	root
Foxysporum	fungus	stress_96h_FO36	SAMN03406701	PRJNA278121	root
Foxysporum	fungus	stress_96h_FO40	SAMN03406698	PRJNA278121	root
Foxysporum	fungus	stress_96h_FO40	SAMN03406704	PRJNA278121	root
Foxysporum	fungus	stress_96h_FO40	SAMN03406699	PRJNA278121	root
Foxysporum	fungus	control_393826	SAMN07342102	PRJNA393826	root
Foxysporum	fungus	control_393826	SAMN07342103	PRJNA393826	root
Foxysporum	fungus	control_393826	SAMN07342104	PRJNA393826	root
Foxysporum	fungus	stress_393826	SAMN07342107	PRJNA393826	root
Foxysporum	fungus	stress_393826	SAMN07342106	PRJNA393826	root
Foxysporum	fungus	stress_393826	SAMN07342105	PRJNA393826	root
Foxysporum	fungus	control_599037	SAMN13743066	PRJNA599037	root
Foxysporum	fungus	control_599037	SAMN13743067	PRJNA599037	root
Foxysporum	fungus	control_599037	SAMN13743065	PRJNA599037	root
Foxysporum	fungus	stress_599037	SAMN13743070	PRJNA599037	root
Foxysporum	fungus	stress_599037	SAMN13743068	PRJNA599037	root
Foxysporum	fungus	stress_599037	SAMN13743069	PRJNA599037	root
Fvirguliforme	fungus	control_10-24days	SAMN05714715	PRJNA340881	root
Fvirguliforme	fungus	control_3-5days	SAMN05714716	PRJNA340881	root
Fvirguliforme	fungus	stress_10-24days	SAMN05714713	PRJNA340881	root
Fvirguliforme	fungus	stress_3-5days	SAMN05714714	PRJNA340881	root
Fvirguliforme	fungus	control_0dpi	SAMN12099668	PRJNA549915	root
Fvirguliforme	fungus	control_0dpi	SAMN12099674	PRJNA549915	root
Fvirguliforme	fungus	control_0dpi	SAMN12099680	PRJNA549915	root
Fvirguliforme	fungus	control_10dpi	SAMN12099684	PRJNA549915	root
Fvirguliforme	fungus	control_10dpi	SAMN12099678	PRJNA549915	root
Fvirguliforme	fungus	control_10dpi	SAMN12099672	PRJNA549915	root
Fvirguliforme	fungus	control_14dpi	SAMN12099685	PRJNA549915	root
Fvirguliforme	fungus	control_14dpi	SAMN12099673	PRJNA549915	root
Fvirguliforme	fungus	control_14dpi	SAMN12099679	PRJNA549915	root
Fvirguliforme	fungus	control_2dpi	SAMN12099669	PRJNA549915	root
Fvirguliforme	fungus	control_2dpi	SAMN12099681	PRJNA549915	root
Fvirguliforme	fungus	control_2dpi	SAMN12099675	PRJNA549915	root
Fvirguliforme	fungus	control_4dpi	SAMN12099676	PRJNA549915	root
Fvirguliforme	fungus	control_4dpi	SAMN12099670	PRJNA549915	root
Fvirguliforme	fungus	control_4dpi	SAMN12099682	PRJNA549915	root
Fvirguliforme	fungus	control_7dpi	SAMN12099683	PRJNA549915	root
Fvirguliforme	fungus	control_7dpi	SAMN12099677	PRJNA549915	root
Fvirguliforme	fungus	control_7dpi	SAMN12099671	PRJNA549915	root
Fvirguliforme	fungus	stress_0dpi	SAMN12099650	PRJNA549915	root
Fvirguliforme	fungus	stress_0dpi	SAMN12099656	PRJNA549915	root
Fvirguliforme	fungus	stress_0dpi	SAMN12099662	PRJNA549915	root
Fvirguliforme	fungus	stress_10dpi	SAMN12099666	PRJNA549915	root
Fvirguliforme	fungus	stress_10dpi	SAMN12099654	PRJNA549915	root
Fvirguliforme	fungus	stress_10dpi	SAMN12099660	PRJNA549915	root
Fvirguliforme	fungus	stress_14dpi	SAMN12099661	PRJNA549915	root
Fvirguliforme	fungus	stress_14dpi	SAMN12099667	PRJNA549915	root
Fvirguliforme	fungus	stress_14dpi	SAMN12099655	PRJNA549915	root
Fvirguliforme	fungus	stress_2dpi	SAMN12099657	PRJNA549915	root
Fvirguliforme	fungus	stress_2dpi	SAMN12099651	PRJNA549915	root
Fvirguliforme	fungus	stress_2dpi	SAMN12099663	PRJNA549915	root
Fvirguliforme	fungus	stress_4dpi	SAMN12099652	PRJNA549915	root
Fvirguliforme	fungus	stress_4dpi	SAMN12099664	PRJNA549915	root
Fvirguliforme	fungus	stress_4dpi	SAMN12099658	PRJNA549915	root
Fvirguliforme	fungus	stress_7dpi	SAMN12099665	PRJNA549915	root
Fvirguliforme	fungus	stress_7dpi	SAMN12099653	PRJNA549915	root
Fvirguliforme	fungus	stress_7dpi	SAMN12099659	PRJNA549915	root
Hglycines	nematode	control_10days	SAMN04364218	PRJNA306741	root
Hglycines	nematode	control_10days	SAMN04364219	PRJNA306741	root
Hglycines	nematode	control_10days	SAMN04362176	PRJNA306741	root
Hglycines	nematode	stress_10days	SAMN04364221	PRJNA306741	root
Hglycines	nematode	stress_10days	SAMN04364220	PRJNA306741	root
Hglycines	nematode	stress_10days	SAMN04364222	PRJNA306741	root
Hglycines	nematode	stress_15days	SAMN04364223	PRJNA306741	root
Hglycines	nematode	stress_15days	SAMN04364225	PRJNA306741	root
Hglycines	nematode	stress_15days	SAMN04364224	PRJNA306741	root
Hglycines	nematode	stress_20days	SAMN04364229	PRJNA306741	root
Hglycines	nematode	stress_20days	SAMN04364226	PRJNA306741	root
Hglycines	nematode	stress_20days	SAMN04364228	PRJNA306741	root
Hglycines	nematode	control_res	SAMN11476341	PRJNA534069	root
Hglycines	nematode	control_res	SAMN11476340	PRJNA534069	root
Hglycines	nematode	control_res	SAMN11476395	PRJNA534069	root
Hglycines	nematode	control_sus	SAMN11476345	PRJNA534069	root
Hglycines	nematode	control_sus	SAMN11476346	PRJNA534069	root
Hglycines	nematode	control_sus	SAMN11476347	PRJNA534069	root
Hglycines	nematode	stress_res	SAMN11476393	PRJNA534069	root
Hglycines	nematode	stress_res	SAMN11476394	PRJNA534069	root
Hglycines	nematode	stress_res	SAMN11476392	PRJNA534069	root
Hglycines	nematode	stress_sus	SAMN11476343	PRJNA534069	root
Hglycines	nematode	stress_sus	SAMN11476344	PRJNA534069	root
Hglycines	nematode	stress_sus	SAMN11476342	PRJNA534069	root
MAMP	MAMP	control_LD	SAMN01886342	PRJNA186522	leaves
MAMP	MAMP	control_LD	SAMN01886343	PRJNA186522	leaves
MAMP	MAMP	control_LD	SAMN01886344	PRJNA186522	leaves
MAMP	MAMP	control_LDX	SAMN01886345	PRJNA186522	leaves
MAMP	MAMP	control_LDX	SAMN01886346	PRJNA186522	leaves
MAMP	MAMP	control_LDX	SAMN01886347	PRJNA186522	leaves
MAMP	MAMP	control_RIL-11268	SAMN01886348	PRJNA186522	leaves
MAMP	MAMP	control_RIL-11268	SAMN01886349	PRJNA186522	leaves
MAMP	MAMP	control_RIL-11268	SAMN01886350	PRJNA186522	leaves
MAMP	MAMP	control_RIL-11272	SAMN01886351	PRJNA186522	leaves
MAMP	MAMP	control_RIL-11272	SAMN01886352	PRJNA186522	leaves
MAMP	MAMP	control_RIL-11272	SAMN01886353	PRJNA186522	leaves
MAMP	MAMP	stress_LD	SAMN01886330	PRJNA186522	leaves
MAMP	MAMP	stress_LD	SAMN01886331	PRJNA186522	leaves
MAMP	MAMP	stress_LD	SAMN01886332	PRJNA186522	leaves
MAMP	MAMP	stress_LDX	SAMN01886333	PRJNA186522	leaves
MAMP	MAMP	stress_LDX	SAMN01886334	PRJNA186522	leaves
MAMP	MAMP	stress_LDX	SAMN01886335	PRJNA186522	leaves
MAMP	MAMP	stress_RIL-11268	SAMN01886336	PRJNA186522	leaves
MAMP	MAMP	stress_RIL-11268	SAMN01886337	PRJNA186522	leaves
MAMP	MAMP	stress_RIL-11268	SAMN01886338	PRJNA186522	leaves
MAMP	MAMP	stress_RIL-11272	SAMN01886339	PRJNA186522	leaves
MAMP	MAMP	stress_RIL-11272	SAMN01886340	PRJNA186522	leaves
MAMP	MAMP	stress_RIL-11272	SAMN01886341	PRJNA186522	leaves
Mphaseolina	fungus	control_res	SAMN08469974	PRJNA433069	root
Mphaseolina	fungus	control_sus	SAMN08469976	PRJNA433069	root
Mphaseolina	fungus	stress_res	SAMN08469975	PRJNA433069	root
Mphaseolina	fungus	stress_sus	SAMN08469977	PRJNA433069	root
Ppachyrhizi	fungus	control_res_24h	SAMD00117547	PRJDB7011	leaves
Ppachyrhizi	fungus	control_res_24h	SAMD00117548	PRJDB7011	leaves
Ppachyrhizi	fungus	control_res_24h	SAMD00117549	PRJDB7011	leaves
Ppachyrhizi	fungus	control_sus_24h	SAMD00117543	PRJDB7011	leaves
Ppachyrhizi	fungus	control_sus_24h	SAMD00117541	PRJDB7011	leaves
Ppachyrhizi	fungus	control_sus_24h	SAMD00117542	PRJDB7011	leaves
Ppachyrhizi	fungus	stress_res_24h	SAMD00117551	PRJDB7011	leaves
Ppachyrhizi	fungus	stress_res_24h	SAMD00117550	PRJDB7011	leaves
Ppachyrhizi	fungus	stress_res_24h	SAMD00117552	PRJDB7011	leaves
Ppachyrhizi	fungus	stress_sus_24h	SAMD00117544	PRJDB7011	leaves
Ppachyrhizi	fungus	stress_sus_24h	SAMD00117545	PRJDB7011	leaves
Ppachyrhizi	fungus	stress_sus_24h	SAMD00117546	PRJDB7011	leaves
Ppachyrhizi	fungus	stress_10dai	SAMN12769009	PRJNA565800	leaves
Ppachyrhizi	fungus	stress_14dai	SAMN12769010	PRJNA565800	leaves
Ppachyrhizi	fungus	stress_3dai	SAMN12769007	PRJNA565800	leaves
Ppachyrhizi	fungus	stress_7dai	SAMN12769008	PRJNA565800	leaves
Ppachyrhizi	fungus	control	SAMN00738707	PRJNA80173	leaves
Ppachyrhizi	fungus	stress_10dai	SAMN00738706	PRJNA80173	leaves
Ppachyrhizi	fungus	stress_48hai	SAMN02147117	PRJNA80173	leaves
Ppachyrhizi	fungus	stress_7hai	SAMN02147106	PRJNA80173	leaves
Psojae	oomycete	control_rps	SAMN02225602	PRJNA210431	hypocotyl
Psojae	oomycete	control_rps	SAMN02225604	PRJNA210431	hypocotyl
Psojae	oomycete	control_rps	SAMN02225600	PRJNA210431	hypocotyl
Psojae	oomycete	control_rps	SAMN02225609	PRJNA210431	hypocotyl
Psojae	oomycete	control_rps	SAMN02225605	PRJNA210431	hypocotyl
Psojae	oomycete	control_rps	SAMN02225607	PRJNA210431	hypocotyl
Psojae	oomycete	control_rps	SAMN02225601	PRJNA210431	hypocotyl
Psojae	oomycete	control_rps	SAMN02225606	PRJNA210431	hypocotyl
Psojae	oomycete	control_rps	SAMN02225603	PRJNA210431	hypocotyl
Psojae	oomycete	control_rps	SAMN02225608	PRJNA210431	hypocotyl
Psojae	oomycete	control_rps	SAMN02225599	PRJNA210431	hypocotyl
Psojae	oomycete	stress_rps	SAMN02225598	PRJNA210431	hypocotyl
Psojae	oomycete	stress_rps	SAMN02225589	PRJNA210431	hypocotyl
Psojae	oomycete	stress_rps	SAMN02225590	PRJNA210431	hypocotyl
Psojae	oomycete	stress_rps	SAMN02225592	PRJNA210431	hypocotyl
Psojae	oomycete	stress_rps	SAMN02225594	PRJNA210431	hypocotyl
Psojae	oomycete	stress_rps	SAMN02225595	PRJNA210431	hypocotyl
Psojae	oomycete	stress_rps	SAMN02225593	PRJNA210431	hypocotyl
Psojae	oomycete	stress_rps	SAMN02225596	PRJNA210431	hypocotyl
Psojae	oomycete	stress_rps	SAMN02225597	PRJNA210431	hypocotyl
Psojae	oomycete	stress_rps	SAMN02225610	PRJNA210431	hypocotyl
Psojae	oomycete	stress_rps	SAMN02225591	PRJNA210431	hypocotyl
Psojae	oomycete	control_0hpi	SAMN04811513	PRJNA318321	root
Psojae	oomycete	stress_0.5hpi	SAMN04811539	PRJNA318321	root
Psojae	oomycete	stress_12hpi	SAMN04811604	PRJNA318321	root
Psojae	oomycete	stress_3hpi	SAMN04811569	PRJNA318321	root
Psojae	oomycete	stress_6hpi	SAMN04811577	PRJNA318321	root
Psojae	oomycete	control	SAMN09513424	PRJNA478334	root
Psojae	oomycete	control	SAMN09513425	PRJNA478334	root
Psojae	oomycete	control	SAMN09513426	PRJNA478334	root
Psojae	oomycete	control	SAMN09513427	PRJNA478334	root
Psojae	oomycete	control	SAMN09513428	PRJNA478334	root
Psojae	oomycete	control	SAMN09513429	PRJNA478334	root
Psojae	oomycete	control	SAMN09513430	PRJNA478334	root
Psojae	oomycete	control	SAMN09513431	PRJNA478334	root
Psojae	oomycete	control	SAMN09513432	PRJNA478334	root
Psojae	oomycete	control	SAMN09513433	PRJNA478334	root
Psojae	oomycete	control	SAMN09513434	PRJNA478334	root
Psojae	oomycete	control	SAMN09513435	PRJNA478334	root
Psojae	oomycete	control	SAMN09513436	PRJNA478334	root
Psojae	oomycete	control	SAMN09513437	PRJNA478334	root
Psojae	oomycete	control	SAMN09513438	PRJNA478334	root
Psojae	oomycete	control	SAMN09513439	PRJNA478334	root
Psojae	oomycete	control	SAMN09513440	PRJNA478334	root
Psojae	oomycete	control	SAMN09513441	PRJNA478334	root
Psojae	oomycete	control	SAMN09513442	PRJNA478334	root
Psojae	oomycete	control	SAMN09513443	PRJNA478334	root
Psojae	oomycete	control	SAMN09513444	PRJNA478334	root
Psojae	oomycete	control	SAMN09513445	PRJNA478334	root
Psojae	oomycete	control	SAMN09513446	PRJNA478334	root
Psojae	oomycete	control	SAMN09513447	PRJNA478334	root
Psojae	oomycete	control	SAMN09513448	PRJNA478334	root
Psojae	oomycete	control	SAMN09513449	PRJNA478334	root
Psojae	oomycete	control	SAMN09513450	PRJNA478334	root
Psojae	oomycete	control	SAMN09513451	PRJNA478334	root
Psojae	oomycete	control	SAMN09513452	PRJNA478334	root
Psojae	oomycete	control	SAMN09513454	PRJNA478334	root
Psojae	oomycete	control	SAMN09513453	PRJNA478334	root
Psojae	oomycete	control	SAMN09513455	PRJNA478334	root
Psojae	oomycete	control	SAMN09513456	PRJNA478334	root
Psojae	oomycete	control	SAMN09513457	PRJNA478334	root
Psojae	oomycete	control	SAMN09513458	PRJNA478334	root
Psojae	oomycete	control	SAMN09513459	PRJNA478334	root
Psojae	oomycete	control	SAMN09513460	PRJNA478334	root
Psojae	oomycete	control	SAMN09513461	PRJNA478334	root
Psojae	oomycete	control	SAMN09513462	PRJNA478334	root
Psojae	oomycete	control	SAMN09513463	PRJNA478334	root
Psojae	oomycete	control	SAMN09513464	PRJNA478334	root
Psojae	oomycete	control	SAMN09513465	PRJNA478334	root
Psojae	oomycete	control	SAMN09513466	PRJNA478334	root
Psojae	oomycete	control	SAMN09513467	PRJNA478334	root
Psojae	oomycete	control	SAMN09513469	PRJNA478334	root
Psojae	oomycete	control	SAMN09513468	PRJNA478334	root
Psojae	oomycete	control	SAMN09513470	PRJNA478334	root
Psojae	oomycete	control	SAMN09513471	PRJNA478334	root
Psojae	oomycete	control	SAMN09513472	PRJNA478334	root
Psojae	oomycete	control	SAMN09513473	PRJNA478334	root
Psojae	oomycete	control	SAMN09513474	PRJNA478334	root
Psojae	oomycete	control	SAMN09513475	PRJNA478334	root
Psojae	oomycete	control	SAMN09513476	PRJNA478334	root
Psojae	oomycete	control	SAMN09513477	PRJNA478334	root
Psojae	oomycete	control	SAMN09513478	PRJNA478334	root
Psojae	oomycete	control	SAMN09513479	PRJNA478334	root
Psojae	oomycete	control	SAMN09513480	PRJNA478334	root
Psojae	oomycete	control	SAMN09513481	PRJNA478334	root
Psojae	oomycete	control	SAMN09513482	PRJNA478334	root
Psojae	oomycete	control	SAMN09513483	PRJNA478334	root
Psojae	oomycete	control	SAMN09513484	PRJNA478334	root
Psojae	oomycete	control	SAMN09513485	PRJNA478334	root
Psojae	oomycete	control	SAMN09513486	PRJNA478334	root
Psojae	oomycete	control	SAMN09513487	PRJNA478334	root
Psojae	oomycete	control	SAMN09513488	PRJNA478334	root
Psojae	oomycete	control	SAMN09513489	PRJNA478334	root
Psojae	oomycete	control	SAMN09513490	PRJNA478334	root
Psojae	oomycete	control	SAMN09513491	PRJNA478334	root
Psojae	oomycete	control	SAMN09513492	PRJNA478334	root
Psojae	oomycete	control	SAMN09513493	PRJNA478334	root
Psojae	oomycete	control	SAMN09513494	PRJNA478334	root
Psojae	oomycete	control	SAMN09513495	PRJNA478334	root
Psojae	oomycete	control	SAMN09513496	PRJNA478334	root
Psojae	oomycete	control	SAMN09513497	PRJNA478334	root
Psojae	oomycete	control	SAMN09513498	PRJNA478334	root
Psojae	oomycete	control	SAMN09513499	PRJNA478334	root
Psojae	oomycete	control	SAMN09513500	PRJNA478334	root
Psojae	oomycete	control	SAMN09513501	PRJNA478334	root
Psojae	oomycete	control	SAMN09513502	PRJNA478334	root
Psojae	oomycete	control	SAMN09513503	PRJNA478334	root
Psojae	oomycete	control	SAMN09513504	PRJNA478334	root
Psojae	oomycete	control	SAMN09513505	PRJNA478334	root
Psojae	oomycete	control	SAMN09513506	PRJNA478334	root
Psojae	oomycete	control	SAMN09513507	PRJNA478334	root
Psojae	oomycete	control	SAMN09513508	PRJNA478334	root
Psojae	oomycete	control	SAMN09513509	PRJNA478334	root
Psojae	oomycete	control	SAMN09513510	PRJNA478334	root
Psojae	oomycete	control	SAMN09513511	PRJNA478334	root
Psojae	oomycete	control	SAMN09513512	PRJNA478334	root
Psojae	oomycete	control	SAMN09513513	PRJNA478334	root
Psojae	oomycete	control	SAMN09513514	PRJNA478334	root
Psojae	oomycete	control	SAMN09513515	PRJNA478334	root
Psojae	oomycete	control	SAMN09513516	PRJNA478334	root
Psojae	oomycete	control	SAMN09513517	PRJNA478334	root
Psojae	oomycete	control	SAMN09513518	PRJNA478334	root
Psojae	oomycete	stress	SAMN09513347	PRJNA478334	root
Psojae	oomycete	stress	SAMN09513348	PRJNA478334	root
Psojae	oomycete	stress	SAMN09513382	PRJNA478334	root
Psojae	oomycete	stress	SAMN09513329	PRJNA478334	root
Psojae	oomycete	stress	SAMN09513330	PRJNA478334	root
Psojae	oomycete	stress	SAMN09513331	PRJNA478334	root
Psojae	oomycete	stress	SAMN09513332	PRJNA478334	root
Psojae	oomycete	stress	SAMN09513333	PRJNA478334	root
Psojae	oomycete	stress	SAMN09513334	PRJNA478334	root
Psojae	oomycete	stress	SAMN09513335	PRJNA478334	root
Psojae	oomycete	stress	SAMN09513336	PRJNA478334	root
Psojae	oomycete	stress	SAMN09513337	PRJNA478334	root
Psojae	oomycete	stress	SAMN09513338	PRJNA478334	root
Psojae	oomycete	stress	SAMN09513339	PRJNA478334	root
Psojae	oomycete	stress	SAMN09513340	PRJNA478334	root
Psojae	oomycete	stress	SAMN09513341	PRJNA478334	root
Psojae	oomycete	stress	SAMN09513342	PRJNA478334	root
Psojae	oomycete	stress	SAMN09513343	PRJNA478334	root
Psojae	oomycete	stress	SAMN09513344	PRJNA478334	root
Psojae	oomycete	stress	SAMN09513345	PRJNA478334	root
Psojae	oomycete	stress	SAMN09513346	PRJNA478334	root
Psojae	oomycete	stress	SAMN09513349	PRJNA478334	root
Psojae	oomycete	stress	SAMN09513350	PRJNA478334	root
Psojae	oomycete	stress	SAMN09513351	PRJNA478334	root
Psojae	oomycete	stress	SAMN09513352	PRJNA478334	root
Psojae	oomycete	stress	SAMN09513353	PRJNA478334	root
Psojae	oomycete	stress	SAMN09513354	PRJNA478334	root
Psojae	oomycete	stress	SAMN09513355	PRJNA478334	root
Psojae	oomycete	stress	SAMN09513356	PRJNA478334	root
Psojae	oomycete	stress	SAMN09513357	PRJNA478334	root
Psojae	oomycete	stress	SAMN09513358	PRJNA478334	root
Psojae	oomycete	stress	SAMN09513359	PRJNA478334	root
Psojae	oomycete	stress	SAMN09513360	PRJNA478334	root
Psojae	oomycete	stress	SAMN09513361	PRJNA478334	root
Psojae	oomycete	stress	SAMN09513362	PRJNA478334	root
Psojae	oomycete	stress	SAMN09513363	PRJNA478334	root
Psojae	oomycete	stress	SAMN09513364	PRJNA478334	root
Psojae	oomycete	stress	SAMN09513365	PRJNA478334	root
Psojae	oomycete	stress	SAMN09513366	PRJNA478334	root
Psojae	oomycete	stress	SAMN09513367	PRJNA478334	root
Psojae	oomycete	stress	SAMN09513368	PRJNA478334	root
Psojae	oomycete	stress	SAMN09513369	PRJNA478334	root
Psojae	oomycete	stress	SAMN09513370	PRJNA478334	root
Psojae	oomycete	stress	SAMN09513371	PRJNA478334	root
Psojae	oomycete	stress	SAMN09513372	PRJNA478334	root
Psojae	oomycete	stress	SAMN09513374	PRJNA478334	root
Psojae	oomycete	stress	SAMN09513373	PRJNA478334	root
Psojae	oomycete	stress	SAMN09513375	PRJNA478334	root
Psojae	oomycete	stress	SAMN09513376	PRJNA478334	root
Psojae	oomycete	stress	SAMN09513377	PRJNA478334	root
Psojae	oomycete	stress	SAMN09513378	PRJNA478334	root
Psojae	oomycete	stress	SAMN09513379	PRJNA478334	root
Psojae	oomycete	stress	SAMN09513380	PRJNA478334	root
Psojae	oomycete	stress	SAMN09513381	PRJNA478334	root
Psojae	oomycete	stress	SAMN09513383	PRJNA478334	root
Psojae	oomycete	stress	SAMN09513384	PRJNA478334	root
Psojae	oomycete	stress	SAMN09513385	PRJNA478334	root
Psojae	oomycete	stress	SAMN09513386	PRJNA478334	root
Psojae	oomycete	stress	SAMN09513387	PRJNA478334	root
Psojae	oomycete	stress	SAMN09513388	PRJNA478334	root
Psojae	oomycete	stress	SAMN09513389	PRJNA478334	root
Psojae	oomycete	stress	SAMN09513390	PRJNA478334	root
Psojae	oomycete	stress	SAMN09513391	PRJNA478334	root
Psojae	oomycete	stress	SAMN09513392	PRJNA478334	root
Psojae	oomycete	stress	SAMN09513393	PRJNA478334	root
Psojae	oomycete	stress	SAMN09513394	PRJNA478334	root
Psojae	oomycete	stress	SAMN09513395	PRJNA478334	root
Psojae	oomycete	stress	SAMN09513396	PRJNA478334	root
Psojae	oomycete	stress	SAMN09513397	PRJNA478334	root
Psojae	oomycete	stress	SAMN09513398	PRJNA478334	root
Psojae	oomycete	stress	SAMN09513399	PRJNA478334	root
Psojae	oomycete	stress	SAMN09513400	PRJNA478334	root
Psojae	oomycete	stress	SAMN09513401	PRJNA478334	root
Psojae	oomycete	stress	SAMN09513402	PRJNA478334	root
Psojae	oomycete	stress	SAMN09513403	PRJNA478334	root
Psojae	oomycete	stress	SAMN09513404	PRJNA478334	root
Psojae	oomycete	stress	SAMN09513405	PRJNA478334	root
Psojae	oomycete	stress	SAMN09513406	PRJNA478334	root
Psojae	oomycete	stress	SAMN09513407	PRJNA478334	root
Psojae	oomycete	stress	SAMN09513408	PRJNA478334	root
Psojae	oomycete	stress	SAMN09513409	PRJNA478334	root
Psojae	oomycete	stress	SAMN09513410	PRJNA478334	root
Psojae	oomycete	stress	SAMN09513411	PRJNA478334	root
Psojae	oomycete	stress	SAMN09513412	PRJNA478334	root
Psojae	oomycete	stress	SAMN09513413	PRJNA478334	root
Psojae	oomycete	stress	SAMN09513414	PRJNA478334	root
Psojae	oomycete	stress	SAMN09513415	PRJNA478334	root
Psojae	oomycete	stress	SAMN09513416	PRJNA478334	root
Psojae	oomycete	stress	SAMN09513417	PRJNA478334	root
Psojae	oomycete	stress	SAMN09513418	PRJNA478334	root
Psojae	oomycete	stress	SAMN09513419	PRJNA478334	root
Psojae	oomycete	stress	SAMN09513420	PRJNA478334	root
Psojae	oomycete	stress	SAMN09513421	PRJNA478334	root
Psojae	oomycete	stress	SAMN09513422	PRJNA478334	root
Psojae	oomycete	stress	SAMN09513423	PRJNA478334	root
Psojae_glucan_elicitor	oomycete	control_24h	SAMN11836278	PRJNA544432	root
Psojae_glucan_elicitor	oomycete	control_24h	SAMN11836277	PRJNA544432	root
Psojae_glucan_elicitor	oomycete	control_24h	SAMN11836276	PRJNA544432	root
Psojae_glucan_elicitor	oomycete	control_24h	SAMN11836275	PRJNA544432	root
Psojae_glucan_elicitor	oomycete	control_48h	SAMN11836270	PRJNA544432	seed
Psojae_glucan_elicitor	oomycete	control_48h	SAMN11836269	PRJNA544432	seed
Psojae_glucan_elicitor	oomycete	control_48h	SAMN11836268	PRJNA544432	seed
Psojae_glucan_elicitor	oomycete	control_48h	SAMN11836267	PRJNA544432	seed
Psojae_glucan_elicitor	oomycete	stress_24h	SAMN11836274	PRJNA544432	root
Psojae_glucan_elicitor	oomycete	stress_24h	SAMN11836273	PRJNA544432	root
Psojae_glucan_elicitor	oomycete	stress_24h	SAMN11836272	PRJNA544432	root
Psojae_glucan_elicitor	oomycete	stress_24h	SAMN11836271	PRJNA544432	root
Psojae_glucan_elicitor	oomycete	stress_48h	SAMN11836266	PRJNA544432	seed
Psojae_glucan_elicitor	oomycete	stress_48h	SAMN11836265	PRJNA544432	seed
Psojae_glucan_elicitor	oomycete	stress_48h	SAMN11836264	PRJNA544432	seed
Psojae_glucan_elicitor	oomycete	stress_48h	SAMN11836263	PRJNA544432	seed
Rreniformis	nematode	control_12days	SAMN05908894	PRJNA348534	root
Rreniformis	nematode	control_12days	SAMN05908889	PRJNA348534	root
Rreniformis	nematode	control_12days	SAMN05908891	PRJNA348534	root
Rreniformis	nematode	control_3days	SAMN05908871	PRJNA348534	root
Rreniformis	nematode	control_3days	SAMN05908856	PRJNA348534	root
Rreniformis	nematode	control_3days	SAMN05908869	PRJNA348534	root
Rreniformis	nematode	control_6days	SAMN05908875	PRJNA348534	root
Rreniformis	nematode	control_6days	SAMN05908877	PRJNA348534	root
Rreniformis	nematode	control_6days	SAMN05908873	PRJNA348534	root
Rreniformis	nematode	control_9days	SAMN05908882	PRJNA348534	root
Rreniformis	nematode	control_9days	SAMN05908880	PRJNA348534	root
Rreniformis	nematode	control_9days	SAMN05908887	PRJNA348534	root
Rreniformis	nematode	stress_12days	SAMN05908888	PRJNA348534	root
Rreniformis	nematode	stress_12days	SAMN05908890	PRJNA348534	root
Rreniformis	nematode	stress_12days	SAMN05908892	PRJNA348534	root
Rreniformis	nematode	stress_3days	SAMN05908868	PRJNA348534	root
Rreniformis	nematode	stress_3days	SAMN05908870	PRJNA348534	root
Rreniformis	nematode	stress_3days	SAMN05908855	PRJNA348534	root
Rreniformis	nematode	stress_6days	SAMN05908876	PRJNA348534	root
Rreniformis	nematode	stress_6days	SAMN05908872	PRJNA348534	root
Rreniformis	nematode	stress_6days	SAMN05908874	PRJNA348534	root
Rreniformis	nematode	stress_9days	SAMN05908878	PRJNA348534	root
Rreniformis	nematode	stress_9days	SAMN05908884	PRJNA348534	root
Rreniformis	nematode	stress_9days	SAMN05908881	PRJNA348534	root
Rsolani	fungus	control_24h	SAMN05150264	PRJNA322284	leaves
Rsolani	fungus	control_24h	SAMN05150266	PRJNA322284	leaves
Rsolani	fungus	control_24h	SAMN05150267	PRJNA322284	leaves
Rsolani	fungus	control_24h	SAMN05150268	PRJNA322284	leaves
Rsolani	fungus	control_24h	SAMN05150262	PRJNA322284	leaves
Rsolani	fungus	stress_24h	SAMN05076321	PRJNA322284	leaves
Rsolani	fungus	stress_24h	SAMN05076343	PRJNA322284	leaves
Rsolani	fungus	stress_24h	SAMN05076349	PRJNA322284	leaves
Rsolani	fungus	stress_24h	SAMN05076085	PRJNA322284	leaves
Rsolani	fungus	stress_24h	SAMN05150259	PRJNA322284	leaves
Rsolani	fungus	stress_24h	SAMN05150261	PRJNA322284	leaves
Slitura	insect	control	SAMN03173248	PRJNA266690	leaves
Slitura	insect	control	SAMN03173246	PRJNA266690	leaves
Slitura	insect	stress	SAMN03173247	PRJNA266690	leaves
Slitura	insect	stress	SAMN03173245	PRJNA266690	leaves
SMV	virus	control	SAMN04485884	PRJNA311571	leaves
SMV	virus	stress_SMV-G7	SAMN04485886	PRJNA311571	leaves
SMV	virus	stress_SMV-L	SAMN04485885	PRJNA311571	leaves
SMV	virus	stress_0hpi_res	SAMN12727386	PRJNA564957	leaves
SMV	virus	stress_0hpi_res	SAMN12727387	PRJNA564957	leaves
SMV	virus	stress_0hpi_sus	SAMN12727377	PRJNA564957	leaves
SMV	virus	stress_0hpi_sus	SAMN12727376	PRJNA564957	leaves
SMV	virus	stress_2hpi_res	SAMN12727384	PRJNA564957	leaves
SMV	virus	stress_2hpi_res	SAMN12727385	PRJNA564957	leaves
SMV	virus	stress_2hpi_sus	SAMN12727375	PRJNA564957	leaves
SMV	virus	stress_2hpi_sus	SAMN12727374	PRJNA564957	leaves
SMV	virus	stress_4hpi_res	SAMN12727382	PRJNA564957	leaves
SMV	virus	stress_4hpi_res	SAMN12727383	PRJNA564957	leaves
SMV	virus	stress_4hpi_sus	SAMN12727373	PRJNA564957	leaves
SMV	virus	stress_4hpi_sus	SAMN12727372	PRJNA564957	leaves
SMV	virus	stress_6hpi_res	SAMN12727381	PRJNA564957	leaves
SMV	virus	stress_6hpi_res	SAMN12727380	PRJNA564957	leaves
SMV	virus	stress_6hpi_sus	SAMN12727371	PRJNA564957	leaves
SMV	virus	stress_6hpi_sus	SAMN12727370	PRJNA564957	leaves
SMV	virus	stress_8hpi_res	SAMN12727379	PRJNA564957	leaves
SMV	virus	stress_8hpi_res	SAMN12727378	PRJNA564957	leaves
SMV	virus	stress_8hpi_sus	SAMN12727368	PRJNA564957	leaves
SMV	virus	stress_8hpi_sus	SAMN12727369	PRJNA564957	leaves
Cgregata	fungus	control_res	SAMN05915162	PRJNA348731	leaves
Cgregata	fungus	control_res	SAMN05915164	PRJNA348731	root
Cgregata	fungus	control_res	SAMN05915163	PRJNA348731	shoot
Cgregata	fungus	control_sus	SAMN05915168	PRJNA348731	leaves
Cgregata	fungus	control_sus	SAMN05915170	PRJNA348731	root
Cgregata	fungus	control_sus	SAMN05915169	PRJNA348731	shoot
Cgregata	fungus	stress_res	SAMN05915159	PRJNA348731	leaves
Cgregata	fungus	stress_res	SAMN05915161	PRJNA348731	root
Cgregata	fungus	stress_res	SAMN05915160	PRJNA348731	shoot
Cgregata	fungus	stress_sus	SAMN05915165	PRJNA348731	leaves
Cgregata	fungus	stress_sus	SAMN05915167	PRJNA348731	root
Cgregata	fungus	stress_sus	SAMN05915166	PRJNA348731	shoot
Cgregata	fungus	control_12h	SAMN12040107	PRJNA548564	leaves
Cgregata	fungus	control_12h	SAMN12040111	PRJNA548564	root
Cgregata	fungus	control_24h	SAMN12040113	PRJNA548564	leaves
Cgregata	fungus	control_24h	SAMN12040117	PRJNA548564	root
Cgregata	fungus	control_24h	SAMN12040115	PRJNA548564	shoot
Cgregata	fungus	control_36h	SAMN12040119	PRJNA548564	leaves
Cgregata	fungus	control_36h	SAMN12040121	PRJNA548564	shoot
Cgregata	fungus	stress_12h	SAMN12040106	PRJNA548564	leaves
Cgregata	fungus	stress_12h	SAMN12040110	PRJNA548564	root
Cgregata	fungus	stress_12h	SAMN12040108	PRJNA548564	shoot
Cgregata	fungus	stress_24h	SAMN12040116	PRJNA548564	root
Cgregata	fungus	stress_24h	SAMN12040114	PRJNA548564	shoot
Cgregata	fungus	stress_36h	SAMN12040118	PRJNA548564	leaves
Cgregata	fungus	stress_36h	SAMN12040122	PRJNA548564	root
Cgregata	fungus	stress_36h	SAMN12040120	PRJNA548564	shoot
