Author(s);Year;Journal;DOI;Trait;SNP;Organism;MarkerType;GenomeVersion
Liu et al.;2019;Theoretical and Applied Genetics;10.1007/s00122-019-03434-w;SMV;ss715605450;SMV;SNP;a2.v1
Liu et al.;2019;Theoretical and Applied Genetics;10.1007/s00122-019-03434-w;SMV;ss715586420;SMV;SNP;a2.v1
Liu et al.;2019;Theoretical and Applied Genetics;10.1007/s00122-019-03434-w;SMV;ss715603004;SMV;SNP;a2.v1
Rolling et al.;2020;Plos One;10.1371/journal.pone.0227710;SRR;ss715582994;Psojae;SNP;a2.v1
Rolling et al.;2020;Plos One;10.1371/journal.pone.0227710;SRR;ss715586961;Psojae;SNP;a2.v1
Rolling et al.;2020;Plos One;10.1371/journal.pone.0227710;SRR;ss715586992;Psojae;SNP;a2.v1
Rolling et al.;2020;Plos One;10.1371/journal.pone.0227710;SRR;ss715585633;Psojae;SNP;a2.v1
Rolling et al.;2020;Plos One;10.1371/journal.pone.0227710;SRR;ss715589155;Psojae;SNP;a2.v1
Rolling et al.;2020;Plos One;10.1371/journal.pone.0227710;SRR;ss715591632;Psojae;SNP;a2.v1
Rolling et al.;2020;Plos One;10.1371/journal.pone.0227710;SRR;ss715602597;Psojae;SNP;a2.v1
Rolling et al.;2020;Plos One;10.1371/journal.pone.0227710;SRR;ss715602910;Psojae;SNP;a2.v1
Rolling et al.;2020;Plos One;10.1371/journal.pone.0227710;SRR;ss715600593;Psojae;SNP;a2.v1
Rolling et al.;2020;Plos One;10.1371/journal.pone.0227710;SRR;ss715609313;Psojae;SNP;a2.v1
Rolling et al.;2020;Plos One;10.1371/journal.pone.0227710;SRR;ss715617255;Psojae;SNP;a2.v1
Rolling et al.;2020;Plos One;10.1371/journal.pone.0227710;SRR;ss715616837;Psojae;SNP;a2.v1
Rolling et al.;2020;Plos One;10.1371/journal.pone.0227710;SRR;ss715615656;Psojae;SNP;a2.v1
Rolling et al.;2020;Plos One;10.1371/journal.pone.0227710;SRR;ss715614099;Psojae;SNP;a2.v1
Rolling et al.;2020;Plos One;10.1371/journal.pone.0227710;SRR;ss715614543;Psojae;SNP;a2.v1
Rolling et al.;2020;Plos One;10.1371/journal.pone.0227710;SRR;ss715614993;Psojae;SNP;a2.v1
Rolling et al.;2020;Plos One;10.1371/journal.pone.0227710;SRR;ss715615007;Psojae;SNP;a2.v1
Rolling et al.;2020;Plos One;10.1371/journal.pone.0227710;SRR;ss715618005;Psojae;SNP;a2.v1
Rolling et al.;2020;Plos One;10.1371/journal.pone.0227710;SRR;ss715621545;Psojae;SNP;a2.v1
Rolling et al.;2020;Plos One;10.1371/journal.pone.0227710;SRR;ss715623885;Psojae;SNP;a2.v1
Rolling et al.;2020;Plos One;10.1371/journal.pone.0227710;SRR;ss715626781;Psojae;SNP;a2.v1
Rolling et al.;2020;Plos One;10.1371/journal.pone.0227710;SRR;ss715627019;Psojae;SNP;a2.v1
Rolling et al.;2020;Plos One;10.1371/journal.pone.0227710;SRR;ss715630573;Psojae;SNP;a2.v1
Rolling et al.;2020;Plos One;10.1371/journal.pone.0227710;SRR;ss715582345;Psojae;SNP;a2.v1
Rolling et al.;2020;Plos One;10.1371/journal.pone.0227710;SRR;ss715582359;Psojae;SNP;a2.v1
Rolling et al.;2020;Plos One;10.1371/journal.pone.0227710;SRR;ss715586915;Psojae;SNP;a2.v1
Rolling et al.;2020;Plos One;10.1371/journal.pone.0227710;SRR;ss715586985;Psojae;SNP;a2.v1
Rolling et al.;2020;Plos One;10.1371/journal.pone.0227710;SRR;ss715586306;Psojae;SNP;a2.v1
Rolling et al.;2020;Plos One;10.1371/journal.pone.0227710;SRR;ss715591382;Psojae;SNP;a2.v1
Rolling et al.;2020;Plos One;10.1371/journal.pone.0227710;SRR;ss715595238;Psojae;SNP;a2.v1
Rolling et al.;2020;Plos One;10.1371/journal.pone.0227710;SRR;ss715605487;Psojae;SNP;a2.v1
Rolling et al.;2020;Plos One;10.1371/journal.pone.0227710;SRR;ss715606258;Psojae;SNP;a2.v1
Rolling et al.;2020;Plos One;10.1371/journal.pone.0227710;SRR;ss715610747;Psojae;SNP;a2.v1
Rolling et al.;2020;Plos One;10.1371/journal.pone.0227710;SRR;ss715610923;Psojae;SNP;a2.v1
Rolling et al.;2020;Plos One;10.1371/journal.pone.0227710;SRR;ss715611695;Psojae;SNP;a2.v1
Rolling et al.;2020;Plos One;10.1371/journal.pone.0227710;SRR;ss715614516;Psojae;SNP;a2.v1
Rolling et al.;2020;Plos One;10.1371/journal.pone.0227710;SRR;ss715614895;Psojae;SNP;a2.v1
Rolling et al.;2020;Plos One;10.1371/journal.pone.0227710;SRR;ss715614914;Psojae;SNP;a2.v1
Rolling et al.;2020;Plos One;10.1371/journal.pone.0227710;SRR;ss715614952;Psojae;SNP;a2.v1
Rolling et al.;2020;Plos One;10.1371/journal.pone.0227710;SRR;ss715615020;Psojae;SNP;a2.v1
Rolling et al.;2020;Plos One;10.1371/journal.pone.0227710;SRR;ss715629906;Psojae;SNP;a2.v1
Rolling et al.;2020;Plos One;10.1371/journal.pone.0227710;SRR;ss715632090;Psojae;SNP;a2.v1
Rolling et al.;2020;Plos One;10.1371/journal.pone.0227710;SRR;ss715636836;Psojae;SNP;a2.v1
Rolling et al.;2020;Plos One;10.1371/journal.pone.0227710;SRR;ss715638609;Psojae;SNP;a2.v1
Boudhrioua et al.;2020;BMC Plant Biology;10.1186/s12870-020-02401-8;SSR;Chr1-5594597;Ssclerotiorum;SNP;a2.v1
Boudhrioua et al.;2020;BMC Plant Biology;10.1186/s12870-020-02401-8;SSR;Chr15-13665369;Ssclerotiorum;SNP;a2.v1
Chang and Hartman;2017;Frontiers in Plant Science;10.3389/fpls.2017.00670;MBB;ss715609849;Evarivestis;SNP;a2.v1
Chang and Hartman;2017;Frontiers in Plant Science;10.3389/fpls.2017.00670;PLH;ss715612746;Efabae;SNP;a2.v1
Chang and Hartman;2017;Frontiers in Plant Science;10.3389/fpls.2017.00670;SBA;ss715596142;Aglycines;SNP;a2.v1
Chang and Hartman;2017;Frontiers in Plant Science;10.3389/fpls.2017.00670;SBL;ss715592245;Pincludens;SNP;a2.v1
Chang and Hartman;2017;Frontiers in Plant Science;10.3389/fpls.2017.00670;VBC;ss715629577;Agemmatalis;SNP;a2.v1
Chang et al.;2016;Phytopathology;10.1094/PHYTO-01-16-0042-FI;BP;ss715580342;Xaxonopodis;SNP;a2.v1
Chang et al.;2016;Phytopathology;10.1094/PHYTO-01-16-0042-FI;BP;ss715609404;Xaxonopodis;SNP;a2.v1
Chang et al.;2016;Phytopathology;10.1094/PHYTO-01-16-0042-FI;BP;ss715628133;Xaxonopodis;SNP;a2.v1
Chang et al.;2016;Phytopathology;10.1094/PHYTO-01-16-0042-FI;BSR;ss715587043;Cgregata;SNP;a2.v1
Chang et al.;2016;Phytopathology;10.1094/PHYTO-01-16-0042-FI;BSR;ss715624573;Cgregata;SNP;a2.v1
Chang et al.;2016;Phytopathology;10.1094/PHYTO-01-16-0042-FI;DSC;ss715617869;Dphaseolorum;SNP;a2.v1
Chang et al.;2016;Phytopathology;10.1094/PHYTO-01-16-0042-FI;DSC;ss715617951;Dphaseolorum;SNP;a2.v1
Chang et al.;2016;Phytopathology;10.1094/PHYTO-01-16-0042-FI;SRR;ss715585493;Psojae;SNP;a2.v1
Chang et al.;2016;Phytopathology;10.1094/PHYTO-01-16-0042-FI;SRR;ss715585633;Psojae;SNP;a2.v1
Chang et al.;2016;Phytopathology;10.1094/PHYTO-01-16-0042-FI;SRR;ss715585710;Psojae;SNP;a2.v1
Chang et al.;2016;Phytopathology;10.1094/PHYTO-01-16-0042-FI;SRR;ss715585729;Psojae;SNP;a2.v1
Chang et al.;2016;Phytopathology;10.1094/PHYTO-01-16-0042-FI;SRR;ss715585731;Psojae;SNP;a2.v1
Chang et al.;2016;Phytopathology;10.1094/PHYTO-01-16-0042-FI;SRR;ss715585740;Psojae;SNP;a2.v1
Chang et al.;2016;Phytopathology;10.1094/PHYTO-01-16-0042-FI;SRR;ss715585768;Psojae;SNP;a2.v1
Chang et al.;2016;Phytopathology;10.1094/PHYTO-01-16-0042-FI;SRR;ss715585797;Psojae;SNP;a2.v1
Chang et al.;2016;Phytopathology;10.1094/PHYTO-01-16-0042-FI;SRR;ss715585805;Psojae;SNP;a2.v1
Chang et al.;2016;Phytopathology;10.1094/PHYTO-01-16-0042-FI;SRR;ss715585823;Psojae;SNP;a2.v1
Chang et al.;2016;Phytopathology;10.1094/PHYTO-01-16-0042-FI;SRR;ss715585847;Psojae;SNP;a2.v1
Chang et al.;2016;Phytopathology;10.1094/PHYTO-01-16-0042-FI;SRR;ss715586320;Psojae;SNP;a2.v1
Chang et al.;2016;Phytopathology;10.1094/PHYTO-01-16-0042-FI;SRR;ss715586333;Psojae;SNP;a2.v1
Chang et al.;2016;Phytopathology;10.1094/PHYTO-01-16-0042-FI;SRR;ss715586346;Psojae;SNP;a2.v1
Chang et al.;2016;Phytopathology;10.1094/PHYTO-01-16-0042-FI;SRR;ss715586376;Psojae;SNP;a2.v1
Chang et al.;2016;Phytopathology;10.1094/PHYTO-01-16-0042-FI;SRR;ss715586408;Psojae;SNP;a2.v1
Chang et al.;2016;Phytopathology;10.1094/PHYTO-01-16-0042-FI;SRR;ss715586443;Psojae;SNP;a2.v1
Chang et al.;2016;Phytopathology;10.1094/PHYTO-01-16-0042-FI;SRR;ss715586684;Psojae;SNP;a2.v1
Chang et al.;2016;Phytopathology;10.1094/PHYTO-01-16-0042-FI;SRR;ss715586702;Psojae;SNP;a2.v1
Chang et al.;2016;Phytopathology;10.1094/PHYTO-01-16-0042-FI;SRR;ss715614850;Psojae;SNP;a2.v1
Chang et al.;2016;Phytopathology;10.1094/PHYTO-01-16-0042-FI;SRR;ss715614911;Psojae;SNP;a2.v1
Chang et al.;2016;Phytopathology;10.1094/PHYTO-01-16-0042-FI;SRR;ss715614930;Psojae;SNP;a2.v1
Chang et al.;2016;Phytopathology;10.1094/PHYTO-01-16-0042-FI;SRR;ss715614952;Psojae;SNP;a2.v1
Chang et al.;2016;Phytopathology;10.1094/PHYTO-01-16-0042-FI;SRR;ss715615279;Psojae;SNP;a2.v1
Chang et al.;2016;Phytopathology;10.1094/PHYTO-01-16-0042-FI;SRR;ss715632317;Psojae;SNP;a2.v1
Chang et al.;2016;Phytopathology;10.1094/PHYTO-01-16-0042-FI;SRR;ss715632325;Psojae;SNP;a2.v1
Chang et al.;2016;Phytopathology;10.1094/PHYTO-01-16-0042-FI;SRR;ss715632331;Psojae;SNP;a2.v1
Chang et al.;2016;Phytopathology;10.1094/PHYTO-01-16-0042-FI;SRR;ss715632336;Psojae;SNP;a2.v1
Chang et al.;2016;Phytopathology;10.1094/PHYTO-01-16-0042-FI;SDS;ss715603096;Fvirguliforme;SNP;a2.v1
Chang et al.;2016;Phytopathology;10.1094/PHYTO-01-16-0042-FI;SDS;ss715609076;Fvirguliforme;SNP;a2.v1
Chang et al.;2016;Phytopathology;10.1094/PHYTO-01-16-0042-FI;SBR;ss715620259;Ppachyrhizi;SNP;a2.v1
Chang et al.;2016;Phytopathology;10.1094/PHYTO-01-16-0042-FI;SBR;ss715632290;Ppachyrhizi;SNP;a2.v1
Chang et al.;2016;Phytopathology;10.1094/PHYTO-01-16-0042-FI;RN;ss715606985;Rreniformis;SNP;a2.v1
Chang et al.;2016;Phytopathology;10.1094/PHYTO-01-16-0042-FI;SCN;ss715585930;Hglycines;SNP;a2.v1
Chang et al.;2016;Phytopathology;10.1094/PHYTO-01-16-0042-FI;SCN;ss715587144;Hglycines;SNP;a2.v1
Chang et al.;2016;Phytopathology;10.1094/PHYTO-01-16-0042-FI;SCN;ss715596418;Hglycines;SNP;a2.v1
Chang et al.;2016;Phytopathology;10.1094/PHYTO-01-16-0042-FI;SCN;ss715597063;Hglycines;SNP;a2.v1
Chang et al.;2016;Phytopathology;10.1094/PHYTO-01-16-0042-FI;SCN;ss715597387;Hglycines;SNP;a2.v1
Chang et al.;2016;Phytopathology;10.1094/PHYTO-01-16-0042-FI;SCN;ss715604895;Hglycines;SNP;a2.v1
Chang et al.;2016;Phytopathology;10.1094/PHYTO-01-16-0042-FI;SCN;ss715608711;Hglycines;SNP;a2.v1
Chang et al.;2016;Phytopathology;10.1094/PHYTO-01-16-0042-FI;SCN;ss715606985;Hglycines;SNP;a2.v1
Chang et al.;2016;Phytopathology;10.1094/PHYTO-01-16-0042-FI;SCN;ss715607371;Hglycines;SNP;a2.v1
Chang et al.;2016;Phytopathology;10.1094/PHYTO-01-16-0042-FI;SCN;ss715610297;Hglycines;SNP;a2.v1
Chang et al.;2016;Phytopathology;10.1094/PHYTO-01-16-0042-FI;SCN;ss715614441;Hglycines;SNP;a2.v1
Chang et al.;2016;Phytopathology;10.1094/PHYTO-01-16-0042-FI;SCN;ss715614679;Hglycines;SNP;a2.v1
Chang et al.;2016;Phytopathology;10.1094/PHYTO-01-16-0042-FI;SCN;ss715614683;Hglycines;SNP;a2.v1
Chang et al.;2016;Phytopathology;10.1094/PHYTO-01-16-0042-FI;SCN;ss715619560;Hglycines;SNP;a2.v1
Chang et al.;2016;Phytopathology;10.1094/PHYTO-01-16-0042-FI;SCN;ss715622290;Hglycines;SNP;a2.v1
Chang et al.;2016;Phytopathology;10.1094/PHYTO-01-16-0042-FI;SCN;ss715632607;Hglycines;SNP;a2.v1
Chang et al.;2016;Phytopathology;10.1094/PHYTO-01-16-0042-FI;SCN;ss715632750;Hglycines;SNP;a2.v1
Chang et al.;2016;Phytopathology;10.1094/PHYTO-01-16-0042-FI;SCN;ss715628786;Hglycines;SNP;a2.v1
Chang et al.;2016;Phytopathology;10.1094/PHYTO-01-16-0042-FI;SCN;ss715629308;Hglycines;SNP;a2.v1
Chang et al.;2016;Phytopathology;10.1094/PHYTO-01-16-0042-FI;SCN;ss715629914;Hglycines;SNP;a2.v1
Chang et al.;2016;Phytopathology;10.1094/PHYTO-01-16-0042-FI;SCN;ss715630294;Hglycines;SNP;a2.v1
Chang et al.;2016;Phytopathology;10.1094/PHYTO-01-16-0042-FI;SCN;ss715628444;Hglycines;SNP;a2.v1
Chang et al.;2016;Phytopathology;10.1094/PHYTO-01-16-0042-FI;SCN;ss715633078;Hglycines;SNP;a2.v1
Chang et al.;2016;Phytopathology;10.1094/PHYTO-01-16-0042-FI;SCN;ss715637107;Hglycines;SNP;a2.v1
Chang et al.;2016;Phytopathology;10.1094/PHYTO-01-16-0042-FI;SCN;ss715638409;Hglycines;SNP;a2.v1
Chang et al.;2016;Phytopathology;10.1094/PHYTO-01-16-0042-FI;BPMV;ss715581912;BPMV;SNP;a2.v1
Chang et al.;2016;Phytopathology;10.1094/PHYTO-01-16-0042-FI;BPMV;ss715596672;BPMV;SNP;a2.v1
Chang et al.;2016;Phytopathology;10.1094/PHYTO-01-16-0042-FI;BPMV;ss715603089;BPMV;SNP;a2.v1
Chang et al.;2016;Phytopathology;10.1094/PHYTO-01-16-0042-FI;PMV;ss715578589;PMV;SNP;a2.v1
Chang et al.;2016;Phytopathology;10.1094/PHYTO-01-16-0042-FI;PMV;ss715586831;PMV;SNP;a2.v1
Chang et al.;2016;Phytopathology;10.1094/PHYTO-01-16-0042-FI;PMV;ss715613483;PMV;SNP;a2.v1
Chang et al.;2016;Phytopathology;10.1094/PHYTO-01-16-0042-FI;PMV;ss715614803;PMV;SNP;a2.v1
Chang et al.;2016;Phytopathology;10.1094/PHYTO-01-16-0042-FI;SMV;ss715614889;SMV;SNP;a2.v1
Chang et al.;2016;Phytopathology;10.1094/PHYTO-01-16-0042-FI;SMV;ss715619353;SMV;SNP;a2.v1
Zhang et al.;2015;The Plant Journal;10.1111/tpj.13069;SDS;ss715584189;Fvirguliforme;SNP;a2.v1
Zhang et al.;2015;The Plant Journal;10.1111/tpj.13069;SDS;ss715582444;Fvirguliforme;SNP;a2.v1
Zhang et al.;2015;The Plant Journal;10.1111/tpj.13069;SDS;ss715599474;Fvirguliforme;SNP;a2.v1
Zhang et al.;2015;The Plant Journal;10.1111/tpj.13069;SDS;ss715614656;Fvirguliforme;SNP;a2.v1
Zhang et al.;2015;The Plant Journal;10.1111/tpj.13069;SDS;ss715627896;Fvirguliforme;SNP;a2.v1
Zhang et al.;2015;The Plant Journal;10.1111/tpj.13069;SDS;ss715634180;Fvirguliforme;SNP;a2.v1
Zhang et al.;2015;The Plant Journal;10.1111/tpj.13069;SDS;ss715637220;Fvirguliforme;SNP;a2.v1
Zhang et al.;2015;The Plant Journal;10.1111/tpj.13069;SDS;ss715584189;Fvirguliforme;SNP;a2.v1
Zhang et al.;2015;The Plant Journal;10.1111/tpj.13069;SDS;ss715582444;Fvirguliforme;SNP;a2.v1
Zhang et al.;2015;The Plant Journal;10.1111/tpj.13069;SDS;ss715631747;Fvirguliforme;SNP;a2.v1
Zhang et al.;2015;The Plant Journal;10.1111/tpj.13069;SDS;ss715634180;Fvirguliforme;SNP;a2.v1
Zhang et al.;2015;The Plant Journal;10.1111/tpj.13069;SDS;ss715631747;Fvirguliforme;SNP;a2.v1
Zhang et al.;2015;The Plant Journal;10.1111/tpj.13069;SDS;ss715634431;Fvirguliforme;SNP;a2.v1
Zhang et al.;2015;The Plant Journal;10.1111/tpj.13069;SDS;ss715634448;Fvirguliforme;SNP;a2.v1
Zhang et al.;2015;The Plant Journal;10.1111/tpj.13069;SDS;ss715586494;Fvirguliforme;SNP;a2.v1
Zhang et al.;2015;The Plant Journal;10.1111/tpj.13069;SDS;ss715633619;Fvirguliforme;SNP;a2.v1
Zhang et al.;2015;The Plant Journal;10.1111/tpj.13069;SDS;ss715584189;Fvirguliforme;SNP;a2.v1
Zhang et al.;2015;The Plant Journal;10.1111/tpj.13069;SDS;ss715627896;Fvirguliforme;SNP;a2.v1
Zhang et al.;2015;The Plant Journal;10.1111/tpj.13069;SDS;ss715631747;Fvirguliforme;SNP;a2.v1
Zhang et al.;2015;The Plant Journal;10.1111/tpj.13069;SDS;ss715634180;Fvirguliforme;SNP;a2.v1
Zhang et al.;2015;The Plant Journal;10.1111/tpj.13069;SDS;ss715634431;Fvirguliforme;SNP;a2.v1
Zhang et al.;2015;The Plant Journal;10.1111/tpj.13069;SDS;ss715580815;Fvirguliforme;SNP;a2.v1
Zhang et al.;2015;The Plant Journal;10.1111/tpj.13069;SDS;ss715602039;Fvirguliforme;SNP;a2.v1
Zhang et al.;2015;The Plant Journal;10.1111/tpj.13069;SDS;ss715583725;Fvirguliforme;SNP;a2.v1
Zhang et al.;2015;The Plant Journal;10.1111/tpj.13069;SDS;ss715599599;Fvirguliforme;SNP;a2.v1
Zhang et al.;2015;The Plant Journal;10.1111/tpj.13069;SDS;ss715611120;Fvirguliforme;SNP;a2.v1
Zhang et al.;2015;The Plant Journal;10.1111/tpj.13069;SDS;ss715612645;Fvirguliforme;SNP;a2.v1
Zhang et al.;2015;The Plant Journal;10.1111/tpj.13069;SDS;ss715594216;Fvirguliforme;SNP;a2.v1
Zhang et al.;2015;The Plant Journal;10.1111/tpj.13069;SDS;ss715612644;Fvirguliforme;SNP;a2.v1
Zhang et al.;2015;The Plant Journal;10.1111/tpj.13069;SDS;ss715581582;Fvirguliforme;SNP;a2.v1
Zhang et al.;2015;The Plant Journal;10.1111/tpj.13069;SDS;ss715603837;Fvirguliforme;SNP;a2.v1
Zhang et al.;2015;The Plant Journal;10.1111/tpj.13069;SDS;ss715594736;Fvirguliforme;SNP;a2.v1
Zhang et al.;2015;The Plant Journal;10.1111/tpj.13069;SDS;ss715597201;Fvirguliforme;SNP;a2.v1
Zhang et al.;2015;The Plant Journal;10.1111/tpj.13069;SDS;ss715621673;Fvirguliforme;SNP;a2.v1
Zhang et al.;2015;The Plant Journal;10.1111/tpj.13069;SDS;ss715615423;Fvirguliforme;SNP;a2.v1
Zhang et al.;2015;The Plant Journal;10.1111/tpj.13069;SDS;ss715581188;Fvirguliforme;SNP;a2.v1
Zhang et al.;2015;The Plant Journal;10.1111/tpj.13069;SDS;ss715626639;Fvirguliforme;SNP;a2.v1
Zhang et al.;2015;The Plant Journal;10.1111/tpj.13069;SDS;ss715599552;Fvirguliforme;SNP;a2.v1
Zhang et al.;2015;The Plant Journal;10.1111/tpj.13069;SDS;ss715618025;Fvirguliforme;SNP;a2.v1
Zhang et al.;2015;The Plant Journal;10.1111/tpj.13069;SDS;ss715592910;Fvirguliforme;SNP;a2.v1
Zhang et al.;2015;The Plant Journal;10.1111/tpj.13069;SDS;ss715634880;Fvirguliforme;SNP;a2.v1
Zhang et al.;2015;The Plant Journal;10.1111/tpj.13069;SDS;ss715599552;Fvirguliforme;SNP;a2.v1
Zhang et al.;2019;Theoretical and Applied Genetics;10.1007/s00122-018-3230-3;Fgraminearum;Chr2-33907639;Fgraminearum;SNP;a2.v1
Zhang et al.;2019;Theoretical and Applied Genetics;10.1007/s00122-018-3230-3;Fgraminearum;Chr4-52044814;Fgraminearum;SNP;a2.v1
Zhang et al.;2019;Theoretical and Applied Genetics;10.1007/s00122-018-3230-3;Fgraminearum;Chr4-658576;Fgraminearum;SNP;a2.v1
Zhang et al.;2019;Theoretical and Applied Genetics;10.1007/s00122-018-3230-3;Fgraminearum;Chr5-29240006;Fgraminearum;SNP;a2.v1
Zhang et al.;2019;Theoretical and Applied Genetics;10.1007/s00122-018-3230-3;Fgraminearum;Chr5-5676224;Fgraminearum;SNP;a2.v1
Zhang et al.;2019;Theoretical and Applied Genetics;10.1007/s00122-018-3230-3;Fgraminearum;Chr6-9479021;Fgraminearum;SNP;a2.v1
Zhang et al.;2019;Theoretical and Applied Genetics;10.1007/s00122-018-3230-3;Fgraminearum;Chr7-42503759;Fgraminearum;SNP;a2.v1
Zhang et al.;2019;Theoretical and Applied Genetics;10.1007/s00122-018-3230-3;Fgraminearum;Chr10-13411695;Fgraminearum;SNP;a2.v1
Zhang et al.;2019;Theoretical and Applied Genetics;10.1007/s00122-018-3230-3;Fgraminearum;Chr17-21473423;Fgraminearum;SNP;a2.v1
Zhang et al.;2019;Theoretical and Applied Genetics;10.1007/s00122-018-3230-3;Fgraminearum;Chr17-7363671;Fgraminearum;SNP;a2.v1
Zhang et al.;2019;Theoretical and Applied Genetics;10.1007/s00122-018-3230-3;Fgraminearum;Chr19-38240023;Fgraminearum;SNP;a2.v1
Zhang et al.;2019;Theoretical and Applied Genetics;10.1007/s00122-018-3230-3;Fgraminearum;Chr19-42918129;Fgraminearum;SNP;a2.v1
Maldonado dos Santos et al.;2019;BMC Genomics;10.1186/s12864-019-6139-6;SSC;Chr14-1725556;Dphaseolorum;SNP;a2.v1
Maldonado dos Santos et al.;2019;BMC Genomics;10.1186/s12864-019-6139-6;SSC;Chr14-1744370;Dphaseolorum;SNP;a2.v1
Maldonado dos Santos et al.;2019;BMC Genomics;10.1186/s12864-019-6139-6;SSC;Chr14-1710287;Dphaseolorum;SNP;a2.v1
Maldonado dos Santos et al.;2019;BMC Genomics;10.1186/s12864-019-6139-6;SSC;Chr14-1986224;Dphaseolorum;SNP;a2.v1
Maldonado dos Santos et al.;2019;BMC Genomics;10.1186/s12864-019-6139-6;SSC;Chr14-1740562;Dphaseolorum;SNP;a2.v1
Maldonado dos Santos et al.;2019;BMC Genomics;10.1186/s12864-019-6139-6;SSC;Chr14-1768793;Dphaseolorum;SNP;a2.v1
Maldonado dos Santos et al.;2019;BMC Genomics;10.1186/s12864-019-6139-6;SSC;Chr14-1921339;Dphaseolorum;SNP;a2.v1
Maldonado dos Santos et al.;2019;BMC Genomics;10.1186/s12864-019-6139-6;SSC;Chr14-1921374;Dphaseolorum;SNP;a2.v1
Maldonado dos Santos et al.;2019;BMC Genomics;10.1186/s12864-019-6139-6;SSC;Chr14-1795219;Dphaseolorum;SNP;a2.v1
Maldonado dos Santos et al.;2019;BMC Genomics;10.1186/s12864-019-6139-6;SSC;Chr14-1751204;Dphaseolorum;SNP;a2.v1
Maldonado dos Santos et al.;2019;BMC Genomics;10.1186/s12864-019-6139-6;SSC;Chr14-1612516;Dphaseolorum;SNP;a2.v1
Maldonado dos Santos et al.;2019;BMC Genomics;10.1186/s12864-019-6139-6;SSC;Chr14-1850964;Dphaseolorum;SNP;a2.v1
Maldonado dos Santos et al.;2019;BMC Genomics;10.1186/s12864-019-6139-6;SSC;Chr14-1851114;Dphaseolorum;SNP;a2.v1
Maldonado dos Santos et al.;2019;BMC Genomics;10.1186/s12864-019-6139-6;SSC;Chr14-1612450;Dphaseolorum;SNP;a2.v1
Maldonado dos Santos et al.;2019;BMC Genomics;10.1186/s12864-019-6139-6;SSC;Chr14-1612397;Dphaseolorum;SNP;a2.v1
Maldonado dos Santos et al.;2019;BMC Genomics;10.1186/s12864-019-6139-6;SSC;Chr14-1744518;Dphaseolorum;SNP;a2.v1
Maldonado dos Santos et al.;2019;BMC Genomics;10.1186/s12864-019-6139-6;SSC;Chr14-1741120;Dphaseolorum;SNP;a2.v1
Maldonado dos Santos et al.;2019;BMC Genomics;10.1186/s12864-019-6139-6;SSC;Chr14-1581712;Dphaseolorum;SNP;a2.v1
Maldonado dos Santos et al.;2019;BMC Genomics;10.1186/s12864-019-6139-6;SSC;Chr14-1581875;Dphaseolorum;SNP;a2.v1
Tran et al.;2019;Frontiers in Plant Science;10.3389/fpls.2019.00401;SCN;ss715597408;Hglycines;SNP;a2.v1
Tran et al.;2019;Frontiers in Plant Science;10.3389/fpls.2019.00401;SCN;ss715597409;Hglycines;SNP;a2.v1
Tran et al.;2019;Frontiers in Plant Science;10.3389/fpls.2019.00401;SCN;ss715597410;Hglycines;SNP;a2.v1
Tran et al.;2019;Frontiers in Plant Science;10.3389/fpls.2019.00401;SCN;ss715597413;Hglycines;SNP;a2.v1
Tran et al.;2019;Frontiers in Plant Science;10.3389/fpls.2019.00401;SCN;ss715597431;Hglycines;SNP;a2.v1
Tran et al.;2019;Frontiers in Plant Science;10.3389/fpls.2019.00401;SCN;ss715597474;Hglycines;SNP;a2.v1
Tran et al.;2019;Frontiers in Plant Science;10.3389/fpls.2019.00401;SCN;ss715597497;Hglycines;SNP;a2.v1
Tran et al.;2019;Frontiers in Plant Science;10.3389/fpls.2019.00401;SCN;ss715597494;Hglycines;SNP;a2.v1
Tran et al.;2019;Frontiers in Plant Science;10.3389/fpls.2019.00401;SCN;Chr8-8361148;Hglycines;SNP;a2.v1
Tran et al.;2019;Frontiers in Plant Science;10.3389/fpls.2019.00401;SCN;ss715606985;Hglycines;SNP;a2.v1
Tran et al.;2019;Frontiers in Plant Science;10.3389/fpls.2019.00401;SCN;Chr18-1645407;Hglycines;SNP;a2.v1
Tran et al.;2019;Frontiers in Plant Science;10.3389/fpls.2019.00401;SCN;Chr18-1643660;Hglycines;SNP;a2.v1
Vinholes et al.;2018;Agronomy Journal;10.2134/agronj2018.07.0429;CR;ss715600129;Mphaseolina;SNP;a2.v1
Vinholes et al.;2018;Agronomy Journal;10.2134/agronj2018.07.0429;CR;ss715602274;Mphaseolina;SNP;a2.v1
Vinholes et al.;2018;Agronomy Journal;10.2134/agronj2018.07.0429;CR;ss715632273;Mphaseolina;SNP;a2.v1
Vinholes et al.;2018;Agronomy Journal;10.2134/agronj2018.07.0429;CR;ss715634147;Mphaseolina;SNP;a2.v1
Swaminathan et al.;2019;Plos One;10.1371/journal.pone.0212071;SDS;ss715579740;Fvirguliforme;SNP;a2.v1
Swaminathan et al.;2019;Plos One;10.1371/journal.pone.0212071;SDS;ss715585711;Fvirguliforme;SNP;a2.v1
Swaminathan et al.;2019;Plos One;10.1371/journal.pone.0212071;SDS;ss715591951;Fvirguliforme;SNP;a2.v1
Swaminathan et al.;2019;Plos One;10.1371/journal.pone.0212071;SDS;ss715608333;Fvirguliforme;SNP;a2.v1
Swaminathan et al.;2019;Plos One;10.1371/journal.pone.0212071;SDS;ss715608329;Fvirguliforme;SNP;a2.v1
Swaminathan et al.;2019;Plos One;10.1371/journal.pone.0212071;SDS;ss715608298;Fvirguliforme;SNP;a2.v1
Swaminathan et al.;2019;Plos One;10.1371/journal.pone.0212071;SDS;ss715612543;Fvirguliforme;SNP;a2.v1
Swaminathan et al.;2019;Plos One;10.1371/journal.pone.0212071;SDS;ss715613738;Fvirguliforme;SNP;a2.v1
Swaminathan et al.;2019;Plos One;10.1371/journal.pone.0212071;SDS;ss715617107;Fvirguliforme;SNP;a2.v1
Swaminathan et al.;2019;Plos One;10.1371/journal.pone.0212071;SDS;ss715617111;Fvirguliforme;SNP;a2.v1
Swaminathan et al.;2019;Plos One;10.1371/journal.pone.0212071;SDS;ss715617189;Fvirguliforme;SNP;a2.v1
Swaminathan et al.;2019;Plos One;10.1371/journal.pone.0212071;SDS;ss715617218;Fvirguliforme;SNP;a2.v1
Swaminathan et al.;2019;Plos One;10.1371/journal.pone.0212071;SDS;ss715615487;Fvirguliforme;SNP;a2.v1
Swaminathan et al.;2019;Plos One;10.1371/journal.pone.0212071;SDS;ss715618125;Fvirguliforme;SNP;a2.v1
Swaminathan et al.;2019;Plos One;10.1371/journal.pone.0212071;SDS;ss715617333;Fvirguliforme;SNP;a2.v1
Swaminathan et al.;2019;Plos One;10.1371/journal.pone.0212071;SDS;ss715619446;Fvirguliforme;SNP;a2.v1
Swaminathan et al.;2019;Plos One;10.1371/journal.pone.0212071;SDS;ss715619290;Fvirguliforme;SNP;a2.v1
Swaminathan et al.;2019;Plos One;10.1371/journal.pone.0212071;SDS;ss715622696;Fvirguliforme;SNP;a2.v1
Swaminathan et al.;2019;Plos One;10.1371/journal.pone.0212071;SDS;ss715631294;Fvirguliforme;SNP;a2.v1
Swaminathan et al.;2019;Plos One;10.1371/journal.pone.0212071;SDS;ss715580536;Fvirguliforme;SNP;a2.v1
Swaminathan et al.;2019;Plos One;10.1371/journal.pone.0212071;SDS;ss715580538;Fvirguliforme;SNP;a2.v1
Swaminathan et al.;2019;Plos One;10.1371/journal.pone.0212071;SDS;ss715589511;Fvirguliforme;SNP;a2.v1
Swaminathan et al.;2019;Plos One;10.1371/journal.pone.0212071;SDS;ss715600599;Fvirguliforme;SNP;a2.v1
Swaminathan et al.;2019;Plos One;10.1371/journal.pone.0212071;SDS;ss715604938;Fvirguliforme;SNP;a2.v1
Swaminathan et al.;2019;Plos One;10.1371/journal.pone.0212071;SDS;ss715608261;Fvirguliforme;SNP;a2.v1
Swaminathan et al.;2019;Plos One;10.1371/journal.pone.0212071;SDS;ss715608307;Fvirguliforme;SNP;a2.v1
Swaminathan et al.;2019;Plos One;10.1371/journal.pone.0212071;SDS;ss715619816;Fvirguliforme;SNP;a2.v1
Wen et al.;2018;Plant Biotechnology Journal;10.1111/pbi.12918;SSR;ss715588043;Ssclerotiorum;SNP;a2.v1
Wen et al.;2018;Plant Biotechnology Journal;10.1111/pbi.12918;SSR;ss715596204;Ssclerotiorum;SNP;a2.v1
Wen et al.;2018;Plant Biotechnology Journal;10.1111/pbi.12918;SSR;ss715607404;Ssclerotiorum;SNP;a2.v1
Wen et al.;2018;Plant Biotechnology Journal;10.1111/pbi.12918;SSR;ss715616839;Ssclerotiorum;SNP;a2.v1
Wen et al.;2018;Plant Biotechnology Journal;10.1111/pbi.12918;SSR;ss715616533;Ssclerotiorum;SNP;a2.v1
Wen et al.;2018;Plant Biotechnology Journal;10.1111/pbi.12918;SSR;ss715616535;Ssclerotiorum;SNP;a2.v1
Wen et al.;2018;Plant Biotechnology Journal;10.1111/pbi.12918;SSR;ss715625406;Ssclerotiorum;SNP;a2.v1
Wen et al.;2018;Plant Biotechnology Journal;10.1111/pbi.12918;SSR;ss715625408;Ssclerotiorum;SNP;a2.v1
Wen et al.;2018;Plant Biotechnology Journal;10.1111/pbi.12918;SSR;ss715625410;Ssclerotiorum;SNP;a2.v1
Wen et al.;2018;Plant Biotechnology Journal;10.1111/pbi.12918;SSR;ss715625414;Ssclerotiorum;SNP;a2.v1
Wen et al.;2018;Plant Biotechnology Journal;10.1111/pbi.12918;SSR;ss715595608;Ssclerotiorum;SNP;a2.v1
Wen et al.;2018;Plant Biotechnology Journal;10.1111/pbi.12918;SSR;ss715595609;Ssclerotiorum;SNP;a2.v1
Wen et al.;2018;Plant Biotechnology Journal;10.1111/pbi.12918;SSR;ss715597461;Ssclerotiorum;SNP;a2.v1
Wen et al.;2018;Plant Biotechnology Journal;10.1111/pbi.12918;SSR;ss715597466;Ssclerotiorum;SNP;a2.v1
Wen et al.;2018;Plant Biotechnology Journal;10.1111/pbi.12918;SSR;ss715597467;Ssclerotiorum;SNP;a2.v1
Wen et al.;2018;Plant Biotechnology Journal;10.1111/pbi.12918;SSR;ss715597472;Ssclerotiorum;SNP;a2.v1
Wen et al.;2018;Plant Biotechnology Journal;10.1111/pbi.12918;SSR;ss715597474;Ssclerotiorum;SNP;a2.v1
Wen et al.;2018;Plant Biotechnology Journal;10.1111/pbi.12918;SSR;ss715597504;Ssclerotiorum;SNP;a2.v1
Wen et al.;2018;Plant Biotechnology Journal;10.1111/pbi.12918;SSR;ss715605211;Ssclerotiorum;SNP;a2.v1
Wen et al.;2018;Plant Biotechnology Journal;10.1111/pbi.12918;SSR;ss715611206;Ssclerotiorum;SNP;a2.v1
Wen et al.;2018;Plant Biotechnology Journal;10.1111/pbi.12918;SSR;ss715612432;Ssclerotiorum;SNP;a2.v1
Wen et al.;2018;Plant Biotechnology Journal;10.1111/pbi.12918;SSR;ss715583735;Ssclerotiorum;SNP;a2.v1
Wen et al.;2018;Plant Biotechnology Journal;10.1111/pbi.12918;SSR;ss715587841;Ssclerotiorum;SNP;a2.v1
Wen et al.;2018;Plant Biotechnology Journal;10.1111/pbi.12918;SSR;ss715587850;Ssclerotiorum;SNP;a2.v1
Wen et al.;2018;Plant Biotechnology Journal;10.1111/pbi.12918;SSR;ss715587866;Ssclerotiorum;SNP;a2.v1
Wen et al.;2018;Plant Biotechnology Journal;10.1111/pbi.12918;SSR;ss715587925;Ssclerotiorum;SNP;a2.v1
Wen et al.;2018;Plant Biotechnology Journal;10.1111/pbi.12918;SSR;ss715588278;Ssclerotiorum;SNP;a2.v1
Wen et al.;2018;Plant Biotechnology Journal;10.1111/pbi.12918;SSR;ss715590176;Ssclerotiorum;SNP;a2.v1
Wen et al.;2018;Plant Biotechnology Journal;10.1111/pbi.12918;SSR;ss715601283;Ssclerotiorum;SNP;a2.v1
Wen et al.;2018;Plant Biotechnology Journal;10.1111/pbi.12918;SSR;ss715605011;Ssclerotiorum;SNP;a2.v1
Wen et al.;2018;Plant Biotechnology Journal;10.1111/pbi.12918;SSR;ss715605026;Ssclerotiorum;SNP;a2.v1
Wen et al.;2018;Plant Biotechnology Journal;10.1111/pbi.12918;SSR;ss715624465;Ssclerotiorum;SNP;a2.v1
Wen et al.;2018;Plant Biotechnology Journal;10.1111/pbi.12918;SSR;ss715630705;Ssclerotiorum;SNP;a2.v1
Wen et al.;2018;Plant Biotechnology Journal;10.1111/pbi.12918;SSR;ss715590828;Ssclerotiorum;SNP;a2.v1
Wen et al.;2018;Plant Biotechnology Journal;10.1111/pbi.12918;SSR;ss715596286;Ssclerotiorum;SNP;a2.v1
Wen et al.;2018;Plant Biotechnology Journal;10.1111/pbi.12918;SSR;ss715607488;Ssclerotiorum;SNP;a2.v1
Wen et al.;2018;Plant Biotechnology Journal;10.1111/pbi.12918;SSR;ss715618590;Ssclerotiorum;SNP;a2.v1
Wen et al.;2018;Plant Biotechnology Journal;10.1111/pbi.12918;SSR;ss715618599;Ssclerotiorum;SNP;a2.v1
Wen et al.;2018;Plant Biotechnology Journal;10.1111/pbi.12918;SSR;ss715618604;Ssclerotiorum;SNP;a2.v1
Wen et al.;2018;Plant Biotechnology Journal;10.1111/pbi.12918;SSR;ss715620418;Ssclerotiorum;SNP;a2.v1
Wen et al.;2018;Plant Biotechnology Journal;10.1111/pbi.12918;SSR;ss715620421;Ssclerotiorum;SNP;a2.v1
Wen et al.;2018;Plant Biotechnology Journal;10.1111/pbi.12918;SSR;ss715624027;Ssclerotiorum;SNP;a2.v1
Wen et al.;2018;Plant Biotechnology Journal;10.1111/pbi.12918;SSR;ss715624030;Ssclerotiorum;SNP;a2.v1
Wen et al.;2018;Plant Biotechnology Journal;10.1111/pbi.12918;SSR;ss715624031;Ssclerotiorum;SNP;a2.v1
Wen et al.;2018;Plant Biotechnology Journal;10.1111/pbi.12918;SSR;ss715624900;Ssclerotiorum;SNP;a2.v1
Wen et al.;2018;Plant Biotechnology Journal;10.1111/pbi.12918;SSR;ss715636086;Ssclerotiorum;SNP;a2.v1
Wen et al.;2018;Plant Biotechnology Journal;10.1111/pbi.12918;SSR;ss715634194;Ssclerotiorum;SNP;a2.v1
Zhao et al;2017;BMC Genomics;10.1186/s12864-017-3843-y;SCN;Chr8-7631207;Hglycines;SNP;a2.v1
Zhao et al;2017;BMC Genomics;10.1186/s12864-017-3843-y;SCN;Chr8-7640250;Hglycines;SNP;a2.v1
Zhao et al;2017;BMC Genomics;10.1186/s12864-017-3843-y;SCN;Chr8-7671170;Hglycines;SNP;a2.v1
Zhao et al;2017;BMC Genomics;10.1186/s12864-017-3843-y;SCN;Chr8-7662003;Hglycines;SNP;a2.v1
Zhao et al;2017;BMC Genomics;10.1186/s12864-017-3843-y;SCN;Chr8-7664479;Hglycines;SNP;a2.v1
Zhao et al;2017;BMC Genomics;10.1186/s12864-017-3843-y;SCN;Chr8-7622492;Hglycines;SNP;a2.v1
Zhao et al;2017;BMC Genomics;10.1186/s12864-017-3843-y;SCN;Chr8-7661660;Hglycines;SNP;a2.v1
Zhao et al;2017;BMC Genomics;10.1186/s12864-017-3843-y;SCN;Chr18-46625879;Hglycines;SNP;a2.v1
Zhao et al;2017;BMC Genomics;10.1186/s12864-017-3843-y;SCN;Chr7-36423980;Hglycines;SNP;a2.v1
Zhao et al;2017;BMC Genomics;10.1186/s12864-017-3843-y;SCN;Chr14-3853672;Hglycines;SNP;a2.v1
Zhao et al;2017;BMC Genomics;10.1186/s12864-017-3843-y;SCN;Chr8-7631207;Hglycines;SNP;a2.v1
Zhao et al;2017;BMC Genomics;10.1186/s12864-017-3843-y;SCN;Chr8-7640250;Hglycines;SNP;a2.v1
Zhao et al;2017;BMC Genomics;10.1186/s12864-017-3843-y;SCN;Chr8-7671170;Hglycines;SNP;a2.v1
Zhao et al;2017;BMC Genomics;10.1186/s12864-017-3843-y;SCN;Chr8-7662003;Hglycines;SNP;a2.v1
Zhao et al;2017;BMC Genomics;10.1186/s12864-017-3843-y;SCN;Chr8-7664479;Hglycines;SNP;a2.v1
Zhao et al;2017;BMC Genomics;10.1186/s12864-017-3843-y;SCN;Chr8-7622492;Hglycines;SNP;a2.v1
Zhao et al;2017;BMC Genomics;10.1186/s12864-017-3843-y;SCN;Chr7-35898587;Hglycines;SNP;a2.v1
Zhao et al;2017;BMC Genomics;10.1186/s12864-017-3843-y;SCN;Chr8-16268025;Hglycines;SNP;a2.v1
Zhao et al;2017;BMC Genomics;10.1186/s12864-017-3843-y;SCN;Chr15-38522986;Hglycines;SNP;a2.v1
Moellers et al.;2017;Scientific Reports;10.1038/s41598-017-03695-9;SSR;ss715590908 ;Ssclerotiorum;SNP;a2.v1
Moellers et al.;2017;Scientific Reports;10.1038/s41598-017-03695-9;SSR;ss715596530 ;Ssclerotiorum;SNP;a2.v1
Moellers et al.;2017;Scientific Reports;10.1038/s41598-017-03695-9;SSR;ss715599948 ;Ssclerotiorum;SNP;a2.v1
Moellers et al.;2017;Scientific Reports;10.1038/s41598-017-03695-9;SSR;ss715610499 ;Ssclerotiorum;SNP;a2.v1
Moellers et al.;2017;Scientific Reports;10.1038/s41598-017-03695-9;SSR;ss715612173 ;Ssclerotiorum;SNP;a2.v1
Moellers et al.;2017;Scientific Reports;10.1038/s41598-017-03695-9;SSR;ss715635935 ;Ssclerotiorum;SNP;a2.v1
Moellers et al.;2017;Scientific Reports;10.1038/s41598-017-03695-9;SSR;ss715637528 ;Ssclerotiorum;SNP;a2.v1
Moellers et al.;2017;Scientific Reports;10.1038/s41598-017-03695-9;SSR;ss715579141 ;Ssclerotiorum;SNP;a2.v1
Moellers et al.;2017;Scientific Reports;10.1038/s41598-017-03695-9;SSR;ss715588567 ;Ssclerotiorum;SNP;a2.v1
Moellers et al.;2017;Scientific Reports;10.1038/s41598-017-03695-9;SSR;ss715601247 ;Ssclerotiorum;SNP;a2.v1
Moellers et al.;2017;Scientific Reports;10.1038/s41598-017-03695-9;SSR;ss715581133 ;Ssclerotiorum;SNP;a2.v1
Moellers et al.;2017;Scientific Reports;10.1038/s41598-017-03695-9;SSR;ss715584553 ;Ssclerotiorum;SNP;a2.v1
Moellers et al.;2017;Scientific Reports;10.1038/s41598-017-03695-9;SSR;ss715603406 ;Ssclerotiorum;SNP;a2.v1
Moellers et al.;2017;Scientific Reports;10.1038/s41598-017-03695-9;SSR;ss715603408 ;Ssclerotiorum;SNP;a2.v1
Moellers et al.;2017;Scientific Reports;10.1038/s41598-017-03695-9;SSR;ss715603485 ;Ssclerotiorum;SNP;a2.v1
Moellers et al.;2017;Scientific Reports;10.1038/s41598-017-03695-9;SSR;ss715603491 ;Ssclerotiorum;SNP;a2.v1
Moellers et al.;2017;Scientific Reports;10.1038/s41598-017-03695-9;SSR;ss715603503 ;Ssclerotiorum;SNP;a2.v1
Moellers et al.;2017;Scientific Reports;10.1038/s41598-017-03695-9;SSR;ss715604491 ;Ssclerotiorum;SNP;a2.v1
Moellers et al.;2017;Scientific Reports;10.1038/s41598-017-03695-9;SSR;ss715604590 ;Ssclerotiorum;SNP;a2.v1
Moellers et al.;2017;Scientific Reports;10.1038/s41598-017-03695-9;SSR;ss715604731 ;Ssclerotiorum;SNP;a2.v1
Moellers et al.;2017;Scientific Reports;10.1038/s41598-017-03695-9;SSR;ss715604981 ;Ssclerotiorum;SNP;a2.v1
Moellers et al.;2017;Scientific Reports;10.1038/s41598-017-03695-9;SSR;ss715605054 ;Ssclerotiorum;SNP;a2.v1
Moellers et al.;2017;Scientific Reports;10.1038/s41598-017-03695-9;SSR;ss715612209 ;Ssclerotiorum;SNP;a2.v1
Moellers et al.;2017;Scientific Reports;10.1038/s41598-017-03695-9;SSR;ss715618815 ;Ssclerotiorum;SNP;a2.v1
Moellers et al.;2017;Scientific Reports;10.1038/s41598-017-03695-9;SSR;ss715628199 ;Ssclerotiorum;SNP;a2.v1
Moellers et al.;2017;Scientific Reports;10.1038/s41598-017-03695-9;SSR;ss715630238 ;Ssclerotiorum;SNP;a2.v1
Moellers et al.;2017;Scientific Reports;10.1038/s41598-017-03695-9;SSR;ss715630264 ;Ssclerotiorum;SNP;a2.v1
Moellers et al.;2017;Scientific Reports;10.1038/s41598-017-03695-9;SSR;ss715632705 ;Ssclerotiorum;SNP;a2.v1
Moellers et al.;2017;Scientific Reports;10.1038/s41598-017-03695-9;SSR;ss715638266 ;Ssclerotiorum;SNP;a2.v1
Moellers et al.;2017;Scientific Reports;10.1038/s41598-017-03695-9;SSR;ss715638269 ;Ssclerotiorum;SNP;a2.v1
Moellers et al.;2017;Scientific Reports;10.1038/s41598-017-03695-9;SSR;ss715581558 ;Ssclerotiorum;SNP;a2.v1
Moellers et al.;2017;Scientific Reports;10.1038/s41598-017-03695-9;SSR;ss715595168 ;Ssclerotiorum;SNP;a2.v1
Moellers et al.;2017;Scientific Reports;10.1038/s41598-017-03695-9;SSR;ss715596502 ;Ssclerotiorum;SNP;a2.v1
Moellers et al.;2017;Scientific Reports;10.1038/s41598-017-03695-9;SSR;ss715607699 ;Ssclerotiorum;SNP;a2.v1
Moellers et al.;2017;Scientific Reports;10.1038/s41598-017-03695-9;SSR;ss715624738 ;Ssclerotiorum;SNP;a2.v1
Moellers et al.;2017;Scientific Reports;10.1038/s41598-017-03695-9;SSR;ss715631537 ;Ssclerotiorum;SNP;a2.v1
Moellers et al.;2017;Scientific Reports;10.1038/s41598-017-03695-9;SSR;ss715634826 ;Ssclerotiorum;SNP;a2.v1
Moellers et al.;2017;Scientific Reports;10.1038/s41598-017-03695-9;SSR;ss715578907 ;Ssclerotiorum;SNP;a2.v1
Moellers et al.;2017;Scientific Reports;10.1038/s41598-017-03695-9;SSR;ss715607699 ;Ssclerotiorum;SNP;a2.v1
Moellers et al.;2017;Scientific Reports;10.1038/s41598-017-03695-9;SSR;ss715608353 ;Ssclerotiorum;SNP;a2.v1
Moellers et al.;2017;Scientific Reports;10.1038/s41598-017-03695-9;SSR;ss715608756 ;Ssclerotiorum;SNP;a2.v1
Moellers et al.;2017;Scientific Reports;10.1038/s41598-017-03695-9;SSR;ss715611260 ;Ssclerotiorum;SNP;a2.v1
Moellers et al.;2017;Scientific Reports;10.1038/s41598-017-03695-9;SSR;ss715614675 ;Ssclerotiorum;SNP;a2.v1
Moellers et al.;2017;Scientific Reports;10.1038/s41598-017-03695-9;SSR;ss715619067 ;Ssclerotiorum;SNP;a2.v1
Moellers et al.;2017;Scientific Reports;10.1038/s41598-017-03695-9;SSR;ss715619085 ;Ssclerotiorum;SNP;a2.v1
Moellers et al.;2017;Scientific Reports;10.1038/s41598-017-03695-9;SSR;ss715633818 ;Ssclerotiorum;SNP;a2.v1
Moellers et al.;2017;Scientific Reports;10.1038/s41598-017-03695-9;SSR;ss715634536 ;Ssclerotiorum;SNP;a2.v1
Moellers et al.;2017;Scientific Reports;10.1038/s41598-017-03695-9;SSR;ss715578851 ;Ssclerotiorum;SNP;a2.v1
Moellers et al.;2017;Scientific Reports;10.1038/s41598-017-03695-9;SSR;ss715596502 ;Ssclerotiorum;SNP;a2.v1
Moellers et al.;2017;Scientific Reports;10.1038/s41598-017-03695-9;SSR;ss715596517 ;Ssclerotiorum;SNP;a2.v1
Moellers et al.;2017;Scientific Reports;10.1038/s41598-017-03695-9;SSR;ss715633601 ;Ssclerotiorum;SNP;a2.v1
Moellers et al.;2017;Scientific Reports;10.1038/s41598-017-03695-9;SSR;ss715583594 ;Ssclerotiorum;SNP;a2.v1
Moellers et al.;2017;Scientific Reports;10.1038/s41598-017-03695-9;SSR;ss715613722 ;Ssclerotiorum;SNP;a2.v1
Moellers et al.;2017;Scientific Reports;10.1038/s41598-017-03695-9;SSR;ss715615422 ;Ssclerotiorum;SNP;a2.v1
Moellers et al.;2017;Scientific Reports;10.1038/s41598-017-03695-9;SSR;ss715616351 ;Ssclerotiorum;SNP;a2.v1
Moellers et al.;2017;Scientific Reports;10.1038/s41598-017-03695-9;SSR;ss715618320 ;Ssclerotiorum;SNP;a2.v1
Moellers et al.;2017;Scientific Reports;10.1038/s41598-017-03695-9;SSR;ss715618415 ;Ssclerotiorum;SNP;a2.v1
Moellers et al.;2017;Scientific Reports;10.1038/s41598-017-03695-9;SSR;ss715621805 ;Ssclerotiorum;SNP;a2.v1
Moellers et al.;2017;Scientific Reports;10.1038/s41598-017-03695-9;SSR;ss715623502 ;Ssclerotiorum;SNP;a2.v1
Moellers et al.;2017;Scientific Reports;10.1038/s41598-017-03695-9;SSR;ss715625404 ;Ssclerotiorum;SNP;a2.v1
Coser et al.;2017;Frontiers in Plant Science;10.3389/fpls.2017.01626;CR;ss715588228;Mphaseolina;SNP;a2.v1
Coser et al.;2017;Frontiers in Plant Science;10.3389/fpls.2017.01626;CR;ss715618004;Mphaseolina;SNP;a2.v1
Coser et al.;2017;Frontiers in Plant Science;10.3389/fpls.2017.01626;CR;ss715631906;Mphaseolina;SNP;a2.v1
Coser et al.;2017;Frontiers in Plant Science;10.3389/fpls.2017.01626;CR;ss715631726;Mphaseolina;SNP;a2.v1
Coser et al.;2017;Frontiers in Plant Science;10.3389/fpls.2017.01626;CR;ss715593307;Mphaseolina;SNP;a2.v1
Coser et al.;2017;Frontiers in Plant Science;10.3389/fpls.2017.01626;CR;ss715601990;Mphaseolina;SNP;a2.v1
Coser et al.;2017;Frontiers in Plant Science;10.3389/fpls.2017.01626;CR;ss715602087;Mphaseolina;SNP;a2.v1
Coser et al.;2017;Frontiers in Plant Science;10.3389/fpls.2017.01626;CR;ss715604575;Mphaseolina;SNP;a2.v1
Coser et al.;2017;Frontiers in Plant Science;10.3389/fpls.2017.01626;CR;ss715612760;Mphaseolina;SNP;a2.v1
Coser et al.;2017;Frontiers in Plant Science;10.3389/fpls.2017.01626;CR;ss715613120;Mphaseolina;SNP;a2.v1
Coser et al.;2017;Frontiers in Plant Science;10.3389/fpls.2017.01626;CR;ss715632099;Mphaseolina;SNP;a2.v1
Coser et al.;2017;Frontiers in Plant Science;10.3389/fpls.2017.01626;CR;ss715638424;Mphaseolina;SNP;a2.v1
Passianotto et al.;2017;Molecular Breeding;10.1007/s11032-017-0744-3;SRN;Chr10-1507123;Mincognita;SNP;a2.v1
Passianotto et al.;2017;Molecular Breeding;10.1007/s11032-017-0744-3;SRN;Chr10-1510539;Mincognita;SNP;a2.v1
Passianotto et al.;2017;Molecular Breeding;10.1007/s11032-017-0744-3;SRN;Chr10-1510397;Mincognita;SNP;a2.v1
Passianotto et al.;2017;Molecular Breeding;10.1007/s11032-017-0744-3;SRN;Chr10-1519325;Mincognita;SNP;a2.v1
Passianotto et al.;2017;Molecular Breeding;10.1007/s11032-017-0744-3;SRN;Chr10-1519315;Mincognita;SNP;a2.v1
Schneider et al.;2016;BMC Genomics;10.1186/s12864-016-2918-5;SRR;ss715585712;Psojae;SNP;a2.v1
Schneider et al.;2016;BMC Genomics;10.1186/s12864-016-2918-5;SRR;ss715585728;Psojae;SNP;a2.v1
Schneider et al.;2016;BMC Genomics;10.1186/s12864-016-2918-5;SRR;ss715586320;Psojae;SNP;a2.v1
Schneider et al.;2016;BMC Genomics;10.1186/s12864-016-2918-5;SRR;ss715586321;Psojae;SNP;a2.v1
Schneider et al.;2016;BMC Genomics;10.1186/s12864-016-2918-5;SRR;ss715586376;Psojae;SNP;a2.v1
Schneider et al.;2016;BMC Genomics;10.1186/s12864-016-2918-5;SRR;ss715615031;Psojae;SNP;a2.v1
Schneider et al.;2016;BMC Genomics;10.1186/s12864-016-2918-5;SRR;ss715635897;Psojae;SNP;a2.v1
Schneider et al.;2016;BMC Genomics;10.1186/s12864-016-2918-5;SRR;ss715635934;Psojae;SNP;a2.v1
Schneider et al.;2016;BMC Genomics;10.1186/s12864-016-2918-5;SRR;ss715636056;Psojae;SNP;a2.v1
Schneider et al.;2016;BMC Genomics;10.1186/s12864-016-2918-5;SRR;ss715636059;Psojae;SNP;a2.v1
Schneider et al.;2016;BMC Genomics;10.1186/s12864-016-2918-5;SRR;ss715636064;Psojae;SNP;a2.v1
Schneider et al.;2016;BMC Genomics;10.1186/s12864-016-2918-5;SRR;ss715636073;Psojae;SNP;a2.v1
Schneider et al.;2016;BMC Genomics;10.1186/s12864-016-2918-5;SRR;ss715636076;Psojae;SNP;a2.v1
Schneider et al.;2016;BMC Genomics;10.1186/s12864-016-2918-5;SRR;ss715636077;Psojae;SNP;a2.v1
Schneider et al.;2016;BMC Genomics;10.1186/s12864-016-2918-5;SRR;ss715636083;Psojae;SNP;a2.v1
Schneider et al.;2016;BMC Genomics;10.1186/s12864-016-2918-5;SRR;ss715636084;Psojae;SNP;a2.v1
Rincker et al.;2016;The Plant Genome;10.3835/plantgenome2015.08.0064;BSR;ss715627222;Cgregata;SNP;a2.v1
Rincker et al.;2016;The Plant Genome;10.3835/plantgenome2015.08.0064;BSR;ss715624549;Cgregata;SNP;a2.v1
Rincker et al.;2016;The Plant Genome;10.3835/plantgenome2015.08.0064;BSR;ss715582351;Cgregata;SNP;a2.v1
Rincker et al.;2016;The Plant Genome;10.3835/plantgenome2015.08.0064;BSR;ss715624557;Cgregata;SNP;a2.v1
Rincker et al.;2016;The Plant Genome;10.3835/plantgenome2015.08.0064;BSR;ss715624573;Cgregata;SNP;a2.v1
Rincker et al.;2016;The Plant Genome;10.3835/plantgenome2015.08.0064;BSR;ss715624583;Cgregata;SNP;a2.v1
Rincker et al.;2016;The Plant Genome;10.3835/plantgenome2015.08.0064;BSR;ss715624558;Cgregata;SNP;a2.v1
Chang et al.;2016;BMC Genomics;10.1186/s12864-016-2487-7;TRSV;ss715581043;TRSV;SNP;a2.v1
Chang et al.;2016;BMC Genomics;10.1186/s12864-016-2487-7;TRSV;ss715581049;TRSV;SNP;a2.v1
Chang et al.;2016;BMC Genomics;10.1186/s12864-016-2487-7;TRSV;ss715581051;TRSV;SNP;a2.v1
Chang et al.;2016;BMC Genomics;10.1186/s12864-016-2487-7;TRSV;ss715581051;TRSV;SNP;a2.v1
Chang et al.;2016;BMC Genomics;10.1186/s12864-016-2487-7;TRSV;ss715581033;TRSV;SNP;a2.v1
Chang et al.;2016;BMC Genomics;10.1186/s12864-016-2487-7;TRSV;ss715581062;TRSV;SNP;a2.v1
Chang et al.;2016;BMC Genomics;10.1186/s12864-016-2487-7;TRSV;ss715581054;TRSV;SNP;a2.v1
Chang et al.;2016;BMC Genomics;10.1186/s12864-016-2487-7;TRSV;ss715601789;TRSV;SNP;a2.v1
Chang et al.;2016;BMC Genomics;10.1186/s12864-016-2487-7;TRSV;ss715581036;TRSV;SNP;a2.v1
Chang et al.;2016;BMC Genomics;10.1186/s12864-016-2487-7;TRSV;ss715601747;TRSV;SNP;a2.v1
Vuong et al.;2015;BMC Genomics;10.1186/s12864-015-1811-y;SCN;Chr1-50726668-51960351;Hglycines;SNP;a2.v1
Vuong et al.;2015;BMC Genomics;10.1186/s12864-015-1811-y;SCN;Chr2-13663384;Hglycines;SNP;a2.v1
Vuong et al.;2015;BMC Genomics;10.1186/s12864-015-1811-y;SCN;Chr4-7627278;Hglycines;SNP;a2.v1
Vuong et al.;2015;BMC Genomics;10.1186/s12864-015-1811-y;SCN;Chr7-36480188-36560926;Hglycines;SNP;a2.v1
Vuong et al.;2015;BMC Genomics;10.1186/s12864-015-1811-y;SCN;Chr7-43093289-43095766;Hglycines;SNP;a2.v1
Vuong et al.;2015;BMC Genomics;10.1186/s12864-015-1811-y;SCN;Chr8-7571195-8607787;Hglycines;SNP;a2.v1
Vuong et al.;2015;BMC Genomics;10.1186/s12864-015-1811-y;SCN;Chr10-40113201-40113201;Hglycines;SNP;a2.v1
Vuong et al.;2015;BMC Genomics;10.1186/s12864-015-1811-y;SCN;Chr11-10174912-14827458;Hglycines;SNP;a2.v1
Vuong et al.;2015;BMC Genomics;10.1186/s12864-015-1811-y;SCN;Chr12-37537049-37554204;Hglycines;SNP;a2.v1
Vuong et al.;2015;BMC Genomics;10.1186/s12864-015-1811-y;SCN;Chr13-29081-105760;Hglycines;SNP;a2.v1
Vuong et al.;2015;BMC Genomics;10.1186/s12864-015-1811-y;SCN;Chr13-31806761-31828223;Hglycines;SNP;a2.v1
Vuong et al.;2015;BMC Genomics;10.1186/s12864-015-1811-y;SCN;Chr14-3172907;Hglycines;SNP;a2.v1
Vuong et al.;2015;BMC Genomics;10.1186/s12864-015-1811-y;SCN;Chr15-10320348;Hglycines;SNP;a2.v1
Vuong et al.;2015;BMC Genomics;10.1186/s12864-015-1811-y;SCN;Chr18-1286527-6646067;Hglycines;SNP;a2.v1
Vuong et al.;2015;BMC Genomics;10.1186/s12864-015-1811-y;SCN;Chr19-37531417-46497770;Hglycines;SNP;a2.v1
Vuong et al.;2015;BMC Genomics;10.1186/s12864-015-1811-y;SCN;Chr20-33218932;Hglycines;SNP;a2.v1
Iquira et al.;2015;BMC Plant Biology;10.1186/s12870-014-0408-y;SSR;Chr3-44735630;Ssclerotiorum;SNP;a2.v1
Iquira et al.;2015;BMC Plant Biology;10.1186/s12870-014-0408-y;SSR;Chr8-7606596;Ssclerotiorum;SNP;a2.v1
Iquira et al.;2015;BMC Plant Biology;10.1186/s12870-014-0408-y;SSR;Chr8-7650317;Ssclerotiorum;SNP;a2.v1
Iquira et al.;2015;BMC Plant Biology;10.1186/s12870-014-0408-y;SSR;Chr20-33511401;Ssclerotiorum;SNP;a2.v1
Iquira et al.;2015;BMC Plant Biology;10.1186/s12870-014-0408-y;SSR;Chr15-47443434;Ssclerotiorum;SNP;a2.v1
Iquira et al.;2015;BMC Plant Biology;10.1186/s12870-014-0408-y;SSR;Chr2-2385261;Ssclerotiorum;SNP;a2.v1
Iquira et al.;2015;BMC Plant Biology;10.1186/s12870-014-0408-y;SSR;Chr10-31766279;Ssclerotiorum;SNP;a2.v1
Iquira et al.;2015;BMC Plant Biology;10.1186/s12870-014-0408-y;SSR;Chr10-2829577;Ssclerotiorum;SNP;a2.v1
Iquira et al.;2015;BMC Plant Biology;10.1186/s12870-014-0408-y;SSR;Chr3-3012147;Ssclerotiorum;SNP;a2.v1
Iquira et al.;2015;BMC Plant Biology;10.1186/s12870-014-0408-y;SSR;Chr14-4612686;Ssclerotiorum;SNP;a2.v1
Iquira et al.;2015;BMC Plant Biology;10.1186/s12870-014-0408-y;SSR;Chr15-12233432;Ssclerotiorum;SNP;a2.v1
Iquira et al.;2015;BMC Plant Biology;10.1186/s12870-014-0408-y;SSR;Chr20-42688433;Ssclerotiorum;SNP;a2.v1
Bao et al.;2015;Molecular Breeding;10.1007/s11032-015-0324-3;SDS;BARC-044643-08744;Fvirguliforme;SNP;a2.v1
Bao et al.;2015;Molecular Breeding;10.1007/s11032-015-0324-3;SDS;BARC-028177-05786;Fvirguliforme;SNP;a2.v1
Bao et al.;2015;Molecular Breeding;10.1007/s11032-015-0324-3;SDS;BARC-051665-11191;Fvirguliforme;SNP;a2.v1
Bao et al.;2015;Molecular Breeding;10.1007/s11032-015-0324-3;SDS;BARC-023721-03465;Fvirguliforme;SNP;a2.v1
Bao et al.;2015;Molecular Breeding;10.1007/s11032-015-0324-3;SDS;BARC-064101-18557;Fvirguliforme;SNP;a2.v1
Bao et al.;2015;Molecular Breeding;10.1007/s11032-015-0324-3;SDS;BARC-059487-15840;Fvirguliforme;SNP;a2.v1
Bao et al.;2015;Molecular Breeding;10.1007/s11032-015-0324-3;SDS;BARC-061049-17016;Fvirguliforme;SNP;a2.v1
Bao et al.;2015;Molecular Breeding;10.1007/s11032-015-0324-3;SDS;BARC-024251-04812;Fvirguliforme;SNP;a2.v1
Bao et al.;2015;Molecular Breeding;10.1007/s11032-015-0324-3;SDS;BARC-051665-11191;Fvirguliforme;SNP;a2.v1
Bao et al.;2015;Molecular Breeding;10.1007/s11032-015-0324-3;SDS;BARC-024251-04812;Fvirguliforme;SNP;a2.v1
Bao et al.;2014;The Plant Genome;10.3835/plantgenome2013.11.0039;SCN;BARC-048271-10520;Hglycines;SNP;a2.v1
Bao et al.;2014;The Plant Genome;10.3835/plantgenome2013.11.0039;SCN;BARC-G01477-00243;Hglycines;SNP;a2.v1
Bao et al.;2014;The Plant Genome;10.3835/plantgenome2013.11.0039;SCN;BARC-012259-01773;Hglycines;SNP;a2.v1
Bao et al.;2014;The Plant Genome;10.3835/plantgenome2013.11.0039;SCN;BARC-012295-01800;Hglycines;SNP;a2.v1
Bao et al.;2014;The Plant Genome;10.3835/plantgenome2013.11.0039;SCN;BARC-047665-10370;Hglycines;SNP;a2.v1
Bao et al.;2014;The Plant Genome;10.3835/plantgenome2013.11.0039;SCN;BARC-019001-03050;Hglycines;SNP;a2.v1
Chang et al.;2018;Theoretical and Applied Genetics;10.1007/s00122-018-3063-0;SDS;Chr3-31990000Ð33950000;Fvirguliforme;metaQTL;a2.v1
Chang et al.;2018;Theoretical and Applied Genetics;10.1007/s00122-018-3063-0;SDS;Chr3-43960000Ð45780000;Fvirguliforme;metaQTL;a2.v1
Chang et al.;2018;Theoretical and Applied Genetics;10.1007/s00122-018-3063-0;SDS;Chr6-16330000-23850000;Fvirguliforme;metaQTL;a2.v1
Chang et al.;2018;Theoretical and Applied Genetics;10.1007/s00122-018-3063-0;SDS;Chr6-44500000-51420000;Fvirguliforme;metaQTL;a2.v1
Chang et al.;2018;Theoretical and Applied Genetics;10.1007/s00122-018-3063-0;SDS;Chr9-12370000-13050000;Fvirguliforme;metaQTL;a2.v1
Chang et al.;2018;Theoretical and Applied Genetics;10.1007/s00122-018-3063-0;SDS;Chr13-28970000-31800000;Fvirguliforme;metaQTL;a2.v1
Chang et al.;2018;Theoretical and Applied Genetics;10.1007/s00122-018-3063-0;SDS;Chr16-5340000-5850000;Fvirguliforme;metaQTL;a2.v1
Chang et al.;2018;Theoretical and Applied Genetics;10.1007/s00122-018-3063-0;SDS;Chr17-34730000-35710000;Fvirguliforme;metaQTL;a2.v1
Chang et al.;2018;Theoretical and Applied Genetics;10.1007/s00122-018-3063-0;SDS;Chr18-1100000-3700000;Fvirguliforme;metaQTL;a2.v1
Chang et al.;2018;Theoretical and Applied Genetics;10.1007/s00122-018-3063-0;SDS;Chr18-4600000-5460000;Fvirguliforme;metaQTL;a2.v1
Che et al.;2020;Molecular Breeding;10.1007/s11032-020-01149-1;SMV;Chr2-11779855;SMV;SNP;a1.v1
Che et al.;2020;Molecular Breeding;10.1007/s11032-020-01149-1;SMV;Chr2-11780847;SMV;SNP;a1.v1
Che et al.;2020;Molecular Breeding;10.1007/s11032-020-01149-1;SMV;Chr2-11784615;SMV;SNP;a1.v1
Che et al.;2020;Molecular Breeding;10.1007/s11032-020-01149-1;SMV;Chr2-11786644;SMV;SNP;a1.v1
Che et al.;2020;Molecular Breeding;10.1007/s11032-020-01149-1;SMV;Chr8-14196133;SMV;SNP;a1.v1
Che et al.;2020;Molecular Breeding;10.1007/s11032-020-01149-1;SMV;Chr13-27261629;SMV;SNP;a1.v1
Che et al.;2020;Molecular Breeding;10.1007/s11032-020-01149-1;SMV;Chr13-27325009;SMV;SNP;a1.v1
Che et al.;2020;Molecular Breeding;10.1007/s11032-020-01149-1;SMV;Chr13-27358186;SMV;SNP;a1.v1
Che et al.;2020;Molecular Breeding;10.1007/s11032-020-01149-1;SMV;Chr13-27475067;SMV;SNP;a1.v1
Che et al.;2020;Molecular Breeding;10.1007/s11032-020-01149-1;SMV;Chr13-27893804;SMV;SNP;a1.v1
Che et al.;2020;Molecular Breeding;10.1007/s11032-020-01149-1;SMV;Chr13-27900033;SMV;SNP;a1.v1
Che et al.;2020;Molecular Breeding;10.1007/s11032-020-01149-1;SMV;Chr13-27901549;SMV;SNP;a1.v1
Che et al.;2020;Molecular Breeding;10.1007/s11032-020-01149-1;SMV;Chr13-27906097;SMV;SNP;a1.v1
Che et al.;2020;Molecular Breeding;10.1007/s11032-020-01149-1;SMV;Chr13-27908496;SMV;SNP;a1.v1
Che et al.;2020;Molecular Breeding;10.1007/s11032-020-01149-1;SMV;Chr13-27948177;SMV;SNP;a1.v1
Che et al.;2020;Molecular Breeding;10.1007/s11032-020-01149-1;SMV;Chr13-27957401;SMV;SNP;a1.v1
Che et al.;2020;Molecular Breeding;10.1007/s11032-020-01149-1;SMV;Chr13-28101481;SMV;SNP;a1.v1
Che et al.;2020;Molecular Breeding;10.1007/s11032-020-01149-1;SMV;Chr13-28266587;SMV;SNP;a1.v1
Che et al.;2020;Molecular Breeding;10.1007/s11032-020-01149-1;SMV;Chr13-28363355;SMV;SNP;a1.v1
Che et al.;2020;Molecular Breeding;10.1007/s11032-020-01149-1;SMV;Chr13-29865665;SMV;SNP;a1.v1
Che et al.;2020;Molecular Breeding;10.1007/s11032-020-01149-1;SMV;Chr20-41544070;SMV;SNP;a1.v1
Che et al.;2020;Molecular Breeding;10.1007/s11032-020-01149-1;SMV;Chr20-41622297;SMV;SNP;a1.v1
Che et al.;2020;Molecular Breeding;10.1007/s11032-020-01149-1;SMV;Chr20-41631762;SMV;SNP;a1.v1
Che et al.;2020;Molecular Breeding;10.1007/s11032-020-01149-1;SMV;Chr20-41680482;SMV;SNP;a1.v1
Han et al.;2015;BMC Genomics;10.1186/s12864-015-1800-1;SCN;Chr1-8009636;Hglycines;SNP;a1.v1
Han et al.;2015;BMC Genomics;10.1186/s12864-015-1800-1;SCN;Chr2-21804864;Hglycines;SNP;a1.v1
Han et al.;2015;BMC Genomics;10.1186/s12864-015-1800-1;SCN;Chr4-949365;Hglycines;SNP;a1.v1
Han et al.;2015;BMC Genomics;10.1186/s12864-015-1800-1;SCN;Chr4-46050545;Hglycines;SNP;a1.v1
Han et al.;2015;BMC Genomics;10.1186/s12864-015-1800-1;SCN;Chr5-26781135;Hglycines;SNP;a1.v1
Han et al.;2015;BMC Genomics;10.1186/s12864-015-1800-1;SCN;Chr5-33843704;Hglycines;SNP;a1.v1
Han et al.;2015;BMC Genomics;10.1186/s12864-015-1800-1;SCN;Chr7-36404700;Hglycines;SNP;a1.v1
Han et al.;2015;BMC Genomics;10.1186/s12864-015-1800-1;SCN;Chr8-8050006;Hglycines;SNP;a1.v1
Han et al.;2015;BMC Genomics;10.1186/s12864-015-1800-1;SCN;Chr8-41643371;Hglycines;SNP;a1.v1
Han et al.;2015;BMC Genomics;10.1186/s12864-015-1800-1;SCN;Chr9-34608484;Hglycines;SNP;a1.v1
Han et al.;2015;BMC Genomics;10.1186/s12864-015-1800-1;SCN;Chr11-33488383;Hglycines;SNP;a1.v1
Han et al.;2015;BMC Genomics;10.1186/s12864-015-1800-1;SCN;Chr14-30581306;Hglycines;SNP;a1.v1
Han et al.;2015;BMC Genomics;10.1186/s12864-015-1800-1;SCN;Chr14-43617172;Hglycines;SNP;a1.v1
Han et al.;2015;BMC Genomics;10.1186/s12864-015-1800-1;SCN;Chr16-33704130;Hglycines;SNP;a1.v1
Han et al.;2015;BMC Genomics;10.1186/s12864-015-1800-1;SCN;Chr17-17238884;Hglycines;SNP;a1.v1
Han et al.;2015;BMC Genomics;10.1186/s12864-015-1800-1;SCN;Chr18-1643660;Hglycines;SNP;a1.v1
Han et al.;2015;BMC Genomics;10.1186/s12864-015-1800-1;SCN;Chr20-2085816;Hglycines;SNP;a1.v1
Hanson et al.;2018;The Plant Genome;10.3835/plantgenome2018.02.0011;SBA;ss715578827;Aglycines;SNP;a2.v1
Hanson et al.;2018;The Plant Genome;10.3835/plantgenome2018.02.0011;SBA;ss715580619;Aglycines;SNP;a2.v1
Hanson et al.;2018;The Plant Genome;10.3835/plantgenome2018.02.0011;SBA;ss715583602;Aglycines;SNP;a2.v1
Hanson et al.;2018;The Plant Genome;10.3835/plantgenome2018.02.0011;SBA;ss715589122;Aglycines;SNP;a2.v1
Hanson et al.;2018;The Plant Genome;10.3835/plantgenome2018.02.0011;SBA;ss715590206;Aglycines;SNP;a2.v1
Hanson et al.;2018;The Plant Genome;10.3835/plantgenome2018.02.0011;SBA;ss715590836;Aglycines;SNP;a2.v1
Hanson et al.;2018;The Plant Genome;10.3835/plantgenome2018.02.0011;SBA;ss715590997;Aglycines;SNP;a2.v1
Hanson et al.;2018;The Plant Genome;10.3835/plantgenome2018.02.0011;SBA;ss715594602;Aglycines;SNP;a2.v1
Hanson et al.;2018;The Plant Genome;10.3835/plantgenome2018.02.0011;SBA;ss715594619;Aglycines;SNP;a2.v1
Hanson et al.;2018;The Plant Genome;10.3835/plantgenome2018.02.0011;SBA;ss715596585;Aglycines;SNP;a2.v1
Hanson et al.;2018;The Plant Genome;10.3835/plantgenome2018.02.0011;SBA;ss715596894;Aglycines;SNP;a2.v1
Hanson et al.;2018;The Plant Genome;10.3835/plantgenome2018.02.0011;SBA;ss715598285;Aglycines;SNP;a2.v1
Hanson et al.;2018;The Plant Genome;10.3835/plantgenome2018.02.0011;SBA;ss715597329;Aglycines;SNP;a2.v1
Hanson et al.;2018;The Plant Genome;10.3835/plantgenome2018.02.0011;SBA;ss715599482;Aglycines;SNP;a2.v1
Hanson et al.;2018;The Plant Genome;10.3835/plantgenome2018.02.0011;SBA;ss715599561;Aglycines;SNP;a2.v1
Hanson et al.;2018;The Plant Genome;10.3835/plantgenome2018.02.0011;SBA;ss715600535;Aglycines;SNP;a2.v1
Hanson et al.;2018;The Plant Genome;10.3835/plantgenome2018.02.0011;SBA;ss715600829;Aglycines;SNP;a2.v1
Hanson et al.;2018;The Plant Genome;10.3835/plantgenome2018.02.0011;SBA;ss715601800;Aglycines;SNP;a2.v1
Hanson et al.;2018;The Plant Genome;10.3835/plantgenome2018.02.0011;SBA;ss715603059;Aglycines;SNP;a2.v1
Hanson et al.;2018;The Plant Genome;10.3835/plantgenome2018.02.0011;SBA;ss715606645;Aglycines;SNP;a2.v1
Hanson et al.;2018;The Plant Genome;10.3835/plantgenome2018.02.0011;SBA;ss715607270;Aglycines;SNP;a2.v1
Hanson et al.;2018;The Plant Genome;10.3835/plantgenome2018.02.0011;SBA;ss715607701;Aglycines;SNP;a2.v1
Hanson et al.;2018;The Plant Genome;10.3835/plantgenome2018.02.0011;SBA;ss715608208;Aglycines;SNP;a2.v1
Hanson et al.;2018;The Plant Genome;10.3835/plantgenome2018.02.0011;SBA;ss715609271;Aglycines;SNP;a2.v1
Hanson et al.;2018;The Plant Genome;10.3835/plantgenome2018.02.0011;SBA;ss715612718;Aglycines;SNP;a2.v1
Hanson et al.;2018;The Plant Genome;10.3835/plantgenome2018.02.0011;SBA;ss715614449;Aglycines;SNP;a2.v1
Hanson et al.;2018;The Plant Genome;10.3835/plantgenome2018.02.0011;SBA;ss715614803;Aglycines;SNP;a2.v1
Hanson et al.;2018;The Plant Genome;10.3835/plantgenome2018.02.0011;SBA;ss715614932;Aglycines;SNP;a2.v1
Hanson et al.;2018;The Plant Genome;10.3835/plantgenome2018.02.0011;SBA;ss715615008;Aglycines;SNP;a2.v1
Hanson et al.;2018;The Plant Genome;10.3835/plantgenome2018.02.0011;SBA;ss715615024;Aglycines;SNP;a2.v1
Hanson et al.;2018;The Plant Genome;10.3835/plantgenome2018.02.0011;SBA;ss715615352;Aglycines;SNP;a2.v1
Hanson et al.;2018;The Plant Genome;10.3835/plantgenome2018.02.0011;SBA;ss715615402;Aglycines;SNP;a2.v1
Hanson et al.;2018;The Plant Genome;10.3835/plantgenome2018.02.0011;SBA;ss715616460;Aglycines;SNP;a2.v1
Hanson et al.;2018;The Plant Genome;10.3835/plantgenome2018.02.0011;SBA;ss715616609;Aglycines;SNP;a2.v1
Hanson et al.;2018;The Plant Genome;10.3835/plantgenome2018.02.0011;SBA;ss715617401;Aglycines;SNP;a2.v1
Hanson et al.;2018;The Plant Genome;10.3835/plantgenome2018.02.0011;SBA;ss715618940;Aglycines;SNP;a2.v1
Hanson et al.;2018;The Plant Genome;10.3835/plantgenome2018.02.0011;SBA;ss715625258;Aglycines;SNP;a2.v1
Hanson et al.;2018;The Plant Genome;10.3835/plantgenome2018.02.0011;SBA;ss715624134;Aglycines;SNP;a2.v1
Hanson et al.;2018;The Plant Genome;10.3835/plantgenome2018.02.0011;SBA;ss715628067;Aglycines;SNP;a2.v1
Hanson et al.;2018;The Plant Genome;10.3835/plantgenome2018.02.0011;SBA;ss715631460;Aglycines;SNP;a2.v1
Hanson et al.;2018;The Plant Genome;10.3835/plantgenome2018.02.0011;SBA;ss715634601;Aglycines;SNP;a2.v1
Hanson et al.;2018;The Plant Genome;10.3835/plantgenome2018.02.0011;SBA;ss715635565;Aglycines;SNP;a2.v1
Hanson et al.;2018;The Plant Genome;10.3835/plantgenome2018.02.0011;SBA;ss715635663;Aglycines;SNP;a2.v1
Hanson et al.;2018;The Plant Genome;10.3835/plantgenome2018.02.0011;SBA;ss715635693;Aglycines;SNP;a2.v1
Hanson et al.;2018;The Plant Genome;10.3835/plantgenome2018.02.0011;SBA;ss715637718;Aglycines;SNP;a2.v1
Huang et al.;2016;BMC Genetics;10.1186/s12863-016-0383-4;SRR;Chr15-48863575;Psojae;SNP;a1.v1
Huang et al.;2016;BMC Genetics;10.1186/s12863-016-0383-4;SRR;Chr3-36634361;Psojae;SNP;a1.v1
Huang et al.;2016;BMC Genetics;10.1186/s12863-016-0383-4;SRR;Chr15-15532390;Psojae;SNP;a1.v1
Huang et al.;2016;BMC Genetics;10.1186/s12863-016-0383-4;SRR;Chr16-33793393;Psojae;SNP;a1.v1
Huang et al.;2016;BMC Genetics;10.1186/s12863-016-0383-4;SRR;Chr16-3962328;Psojae;SNP;a1.v1
Huang et al.;2016;BMC Genetics;10.1186/s12863-016-0383-4;SRR;Chr20-46624541;Psojae;SNP;a1.v1
Huang et al.;2016;BMC Genetics;10.1186/s12863-016-0383-4;SRR;Chr6-644565;Psojae;SNP;a1.v1
Huang et al.;2016;BMC Genetics;10.1186/s12863-016-0383-4;SRR;Chr16-15093996;Psojae;SNP;a1.v1
Huang et al.;2016;BMC Genetics;10.1186/s12863-016-0383-4;SRR;Chr11-7904934;Psojae;SNP;a1.v1
Huang et al.;2016;BMC Genetics;10.1186/s12863-016-0383-4;SRR;Chr16-35175092;Psojae;SNP;a1.v1
Huang et al.;2016;BMC Genetics;10.1186/s12863-016-0383-4;SRR;Chr3-5147782;Psojae;SNP;a1.v1
Huang et al.;2016;BMC Genetics;10.1186/s12863-016-0383-4;SRR;Chr15-831324;Psojae;SNP;a1.v1
Huang et al.;2016;BMC Genetics;10.1186/s12863-016-0383-4;SRR;Chr4-46749591;Psojae;SNP;a1.v1
Huang et al.;2016;BMC Genetics;10.1186/s12863-016-0383-4;SRR;Chr9-3157784;Psojae;SNP;a1.v1
Kandel et al.;2018;Frontiers in Plant Science;10.3389/fpls.2018.00505;SSR;Satt175;Ssclerotiorum;SSR;a2.v1
Kandel et al.;2018;Frontiers in Plant Science;10.3389/fpls.2018.00505;SSR;Sat199;Ssclerotiorum;SSR;a2.v1
Kandel et al.;2018;Frontiers in Plant Science;10.3389/fpls.2018.00505;SSR;Satt478;Ssclerotiorum;SSR;a2.v1
Kandel et al.;2018;Frontiers in Plant Science;10.3389/fpls.2018.00505;SSR;Satt153;Ssclerotiorum;SSR;a2.v1
Kandel et al.;2018;Frontiers in Plant Science;10.3389/fpls.2018.00505;SSR;Satt243;Ssclerotiorum;SSR;a2.v1
Kandel et al.;2018;Frontiers in Plant Science;10.3389/fpls.2018.00505;SSR;Sat342;Ssclerotiorum;SSR;a2.v1
Kandel et al.;2018;Frontiers in Plant Science;10.3389/fpls.2018.00505;SSR;Satt135;Ssclerotiorum;SSR;a2.v1
Kandel et al.;2018;Frontiers in Plant Science;10.3389/fpls.2018.00505;SSR;Satt154;Ssclerotiorum;SSR;a2.v1
Kandel et al.;2018;Frontiers in Plant Science;10.3389/fpls.2018.00505;SSR;Satt186;Ssclerotiorum;SSR;a2.v1
Kandel et al.;2018;Frontiers in Plant Science;10.3389/fpls.2018.00505;SSR;Satt523;Ssclerotiorum;SSR;a2.v1
Kandel et al.;2018;Frontiers in Plant Science;10.3389/fpls.2018.00505;SSR;Satt571;Ssclerotiorum;SSR;a2.v1
Lin et al.;2020;Molecular Breeding;10.1007/s11032-020-01133-9;SRR;Chr10-43530047;Psylvaticum;SNP;a2.v1
Lin et al.;2020;Molecular Breeding;10.1007/s11032-020-01133-9;SRR;Chr10-43757485;Psylvaticum;SNP;a2.v1
Lin et al.;2020;Molecular Breeding;10.1007/s11032-020-01133-9;SRR;Chr10-45141190;Psylvaticum;SNP;a2.v1
Lin et al.;2020;Molecular Breeding;10.1007/s11032-020-01133-9;SRR;Chr10-45322752;Psylvaticum;SNP;a2.v1
Lin et al.;2020;Molecular Breeding;10.1007/s11032-020-01133-9;SRR;Chr18-6609920;Psylvaticum;SNP;a2.v1
Lin et al.;2020;Molecular Breeding;10.1007/s11032-020-01133-9;SRR;Chr18-6661172;Psylvaticum;SNP;a2.v1
Lin et al.;2020;Molecular Breeding;10.1007/s11032-020-01133-9;SRR;Chr18-7917371;Psylvaticum;SNP;a2.v1
Lin et al.;2020;Molecular Breeding;10.1007/s11032-020-01133-9;SRR;Chr18-8886122;Psylvaticum;SNP;a2.v1
Lin et al.;2020;Molecular Breeding;10.1007/s11032-020-01133-9;SRR;Chr20-37097315;Psylvaticum;SNP;a2.v1
Lin et al.;2020;Molecular Breeding;10.1007/s11032-020-01133-9;SRR;Chr20-37190252;Psylvaticum;SNP;a2.v1
Lin et al.;2020;Molecular Breeding;10.1007/s11032-020-01133-9;SRR;Chr10-43528561;Psylvaticum;SNP;a2.v1
Lin et al.;2020;Molecular Breeding;10.1007/s11032-020-01133-9;SRR;Chr10-43517944;Psylvaticum;SNP;a2.v1
Lin et al.;2020;Molecular Breeding;10.1007/s11032-020-01133-9;SRR;Chr10-43489645;Psylvaticum;SNP;a2.v1
Lin et al.;2020;Molecular Breeding;10.1007/s11032-020-01133-9;SRR;Chr10-49366501;Psylvaticum;SNP;a2.v1
Lin et al.;2020;Molecular Breeding;10.1007/s11032-020-01133-9;SRR;Chr18-7920476;Psylvaticum;SNP;a2.v1
Lin et al.;2020;Molecular Breeding;10.1007/s11032-020-01133-9;SRR;Chr18-47496041;Psylvaticum;SNP;a2.v1
Lin et al.;2020;Molecular Breeding;10.1007/s11032-020-01133-9;SRR;Chr20-2239157;Psylvaticum;SNP;a2.v1
Liu et al.;2016;Euphytica;10.1007/s10681-016-1631-4;CCW;Chr6-16660196;Slitura;SNP;a2.v1
Liu et al.;2016;Euphytica;10.1007/s10681-016-1631-4;CCW;Chr6-16658998;Slitura;SNP;a2.v1
Liu et al.;2016;Euphytica;10.1007/s10681-016-1631-4;CCW;Chr12-3580847;Slitura;SNP;a2.v1
Liu et al.;2016;Euphytica;10.1007/s10681-016-1631-4;CCW;Chr5-36611550;Slitura;SNP;a2.v1
Liu et al.;2016;Euphytica;10.1007/s10681-016-1631-4;CCW;Chr7-4380539;Slitura;SNP;a2.v1
Liu et al.;2016;Euphytica;10.1007/s10681-016-1631-4;CCW;Chr7-4380563;Slitura;SNP;a2.v1
Liu et al.;2019;Theoretical and Applied Genetics;10.1007/s00122-019-03381-6;SCN;Chr4-16332581;Hglycines;SNP;a2.v1
Liu et al.;2019;Theoretical and Applied Genetics;10.1007/s00122-019-03381-6;SCN;Chr6-10710675;Hglycines;SNP;a2.v1
Liu et al.;2019;Theoretical and Applied Genetics;10.1007/s00122-019-03381-6;SCN;Chr8-9195784;Hglycines;SNP;a2.v1
Liu et al.;2019;Theoretical and Applied Genetics;10.1007/s00122-019-03381-6;SCN;Chr9-4771451;Hglycines;SNP;a2.v1
Liu et al.;2019;Theoretical and Applied Genetics;10.1007/s00122-019-03381-6;SCN;Chr11-16109011;Hglycines;SNP;a2.v1
Liu et al.;2019;Theoretical and Applied Genetics;10.1007/s00122-019-03381-6;SCN;Chr15-11600869;Hglycines;SNP;a2.v1
Liu et al.;2019;Theoretical and Applied Genetics;10.1007/s00122-019-03381-6;SCN;Chr15-44661082;Hglycines;SNP;a2.v1
Liu et al.;2019;Theoretical and Applied Genetics;10.1007/s00122-019-03381-6;SCN;Chr15-46972304;Hglycines;SNP;a2.v1
Liu et al.;2019;Theoretical and Applied Genetics;10.1007/s00122-019-03381-6;SCN;Chr16-6529260;Hglycines;SNP;a2.v1
Liu et al.;2019;Theoretical and Applied Genetics;10.1007/s00122-019-03381-6;SCN;Chr16-6530587;Hglycines;SNP;a2.v1
Liu et al.;2019;Theoretical and Applied Genetics;10.1007/s00122-019-03381-6;SCN;Chr18-46375522;Hglycines;SNP;a2.v1
Ludke et al.;2019;Crop Breeding and Applied Biotechnology;10.1590/1984-70332019v19n1a05;SRR;Chr3-3225968;Psojae;SNP;a1.v1
Ludke et al.;2019;Crop Breeding and Applied Biotechnology;10.1590/1984-70332019v19n1a05;SRR;Chr3-4782127;Psojae;SNP;a1.v1
Ludke et al.;2019;Crop Breeding and Applied Biotechnology;10.1590/1984-70332019v19n1a05;SRR;Chr3-5106459;Psojae;SNP;a1.v1
Ludke et al.;2019;Crop Breeding and Applied Biotechnology;10.1590/1984-70332019v19n1a05;SRR;Chr3-5217414;Psojae;SNP;a1.v1
Ludke et al.;2019;Crop Breeding and Applied Biotechnology;10.1590/1984-70332019v19n1a05;SRR;Chr3-5341695;Psojae;SNP;a1.v1
Ludke et al.;2019;Crop Breeding and Applied Biotechnology;10.1590/1984-70332019v19n1a05;SRR;Chr15-11496274;Psojae;SNP;a1.v1
Ludke et al.;2019;Crop Breeding and Applied Biotechnology;10.1590/1984-70332019v19n1a05;SRR;Chr15-18422604;Psojae;SNP;a1.v1
Ludke et al.;2019;Crop Breeding and Applied Biotechnology;10.1590/1984-70332019v19n1a05;SRR;Chr15-19326210;Psojae;SNP;a1.v1
Natukunda et al.;2019;Journal of Economic Entomology;10.1093/jee/toz017;SBA;ss715613201;Aglycines;SNP;a2.v1
Natukunda et al.;2019;Journal of Economic Entomology;10.1093/jee/toz017;SBA;ss715613209;Aglycines;SNP;a2.v1
Natukunda et al.;2019;Journal of Economic Entomology;10.1093/jee/toz017;SBA;ss715605620;Aglycines;SNP;a2.v1
Natukunda et al.;2019;Journal of Economic Entomology;10.1093/jee/toz017;SBA;ss715608208;Aglycines;SNP;a2.v1
Natukunda et al.;2019;Journal of Economic Entomology;10.1093/jee/toz017;SBA;ss715634601;Aglycines;SNP;a2.v1
Natukunda and MacIntosh;2020;Frontiers in Plant Science;10.3389/fpls.2020.01223;SBA;ss715578827;Aglycines;SNP;a2.v1
Natukunda and MacIntosh;2020;Frontiers in Plant Science;10.3389/fpls.2020.01223;SBA;ss715580619;Aglycines;SNP;a2.v1
Natukunda and MacIntosh;2020;Frontiers in Plant Science;10.3389/fpls.2020.01223;SBA;ss715583602;Aglycines;SNP;a2.v1
Natukunda and MacIntosh;2020;Frontiers in Plant Science;10.3389/fpls.2020.01223;SBA;ss715589122;Aglycines;SNP;a2.v1
Natukunda and MacIntosh;2020;Frontiers in Plant Science;10.3389/fpls.2020.01223;SBA;ss715590206;Aglycines;SNP;a2.v1
Natukunda and MacIntosh;2020;Frontiers in Plant Science;10.3389/fpls.2020.01223;SBA;ss715590836;Aglycines;SNP;a2.v1
Natukunda and MacIntosh;2020;Frontiers in Plant Science;10.3389/fpls.2020.01223;SBA;ss715590997;Aglycines;SNP;a2.v1
Natukunda and MacIntosh;2020;Frontiers in Plant Science;10.3389/fpls.2020.01223;SBA;ss715594602;Aglycines;SNP;a2.v1
Natukunda and MacIntosh;2020;Frontiers in Plant Science;10.3389/fpls.2020.01223;SBA;ss715594619;Aglycines;SNP;a2.v1
Natukunda and MacIntosh;2020;Frontiers in Plant Science;10.3389/fpls.2020.01223;SBA;ss715596585;Aglycines;SNP;a2.v1
Natukunda and MacIntosh;2020;Frontiers in Plant Science;10.3389/fpls.2020.01223;SBA;ss715596894;Aglycines;SNP;a2.v1
Natukunda and MacIntosh;2020;Frontiers in Plant Science;10.3389/fpls.2020.01223;SBA;ss715598285;Aglycines;SNP;a2.v1
Natukunda and MacIntosh;2020;Frontiers in Plant Science;10.3389/fpls.2020.01223;SBA;ss715597329;Aglycines;SNP;a2.v1
Natukunda and MacIntosh;2020;Frontiers in Plant Science;10.3389/fpls.2020.01223;SBA;ss715596142;Aglycines;SNP;a2.v1
Natukunda and MacIntosh;2020;Frontiers in Plant Science;10.3389/fpls.2020.01223;SBA;ss715599482;Aglycines;SNP;a2.v1
Natukunda and MacIntosh;2020;Frontiers in Plant Science;10.3389/fpls.2020.01223;SBA;ss715599561;Aglycines;SNP;a2.v1
Natukunda and MacIntosh;2020;Frontiers in Plant Science;10.3389/fpls.2020.01223;SBA;ss715600535;Aglycines;SNP;a2.v1
Natukunda and MacIntosh;2020;Frontiers in Plant Science;10.3389/fpls.2020.01223;SBA;ss715600829;Aglycines;SNP;a2.v1
Natukunda and MacIntosh;2020;Frontiers in Plant Science;10.3389/fpls.2020.01223;SBA;ss715601800;Aglycines;SNP;a2.v1
Natukunda and MacIntosh;2020;Frontiers in Plant Science;10.3389/fpls.2020.01223;SBA;ss715603059;Aglycines;SNP;a2.v1
Natukunda and MacIntosh;2020;Frontiers in Plant Science;10.3389/fpls.2020.01223;SBA;ss715606645;Aglycines;SNP;a2.v1
Natukunda and MacIntosh;2020;Frontiers in Plant Science;10.3389/fpls.2020.01223;SBA;ss715607270;Aglycines;SNP;a2.v1
Natukunda and MacIntosh;2020;Frontiers in Plant Science;10.3389/fpls.2020.01223;SBA;ss715607701;Aglycines;SNP;a2.v1
Natukunda and MacIntosh;2020;Frontiers in Plant Science;10.3389/fpls.2020.01223;SBA;ss715608208;Aglycines;SNP;a2.v1
Natukunda and MacIntosh;2020;Frontiers in Plant Science;10.3389/fpls.2020.01223;SBA;ss715605620;Aglycines;SNP;a2.v1
Natukunda and MacIntosh;2020;Frontiers in Plant Science;10.3389/fpls.2020.01223;SBA;ss715609271;Aglycines;SNP;a2.v1
Natukunda and MacIntosh;2020;Frontiers in Plant Science;10.3389/fpls.2020.01223;SBA;ss715612718;Aglycines;SNP;a2.v1
Natukunda and MacIntosh;2020;Frontiers in Plant Science;10.3389/fpls.2020.01223;SBA;ss715613201;Aglycines;SNP;a2.v1
Natukunda and MacIntosh;2020;Frontiers in Plant Science;10.3389/fpls.2020.01223;SBA;ss715613209;Aglycines;SNP;a2.v1
Natukunda and MacIntosh;2020;Frontiers in Plant Science;10.3389/fpls.2020.01223;SBA;ss715614449;Aglycines;SNP;a2.v1
Natukunda and MacIntosh;2020;Frontiers in Plant Science;10.3389/fpls.2020.01223;SBA;ss715614803;Aglycines;SNP;a2.v1
Natukunda and MacIntosh;2020;Frontiers in Plant Science;10.3389/fpls.2020.01223;SBA;ss715614932;Aglycines;SNP;a2.v1
Natukunda and MacIntosh;2020;Frontiers in Plant Science;10.3389/fpls.2020.01223;SBA;ss715615008;Aglycines;SNP;a2.v1
Natukunda and MacIntosh;2020;Frontiers in Plant Science;10.3389/fpls.2020.01223;SBA;ss715615024;Aglycines;SNP;a2.v1
Natukunda and MacIntosh;2020;Frontiers in Plant Science;10.3389/fpls.2020.01223;SBA;ss715615352;Aglycines;SNP;a2.v1
Natukunda and MacIntosh;2020;Frontiers in Plant Science;10.3389/fpls.2020.01223;SBA;ss715615402;Aglycines;SNP;a2.v1
Natukunda and MacIntosh;2020;Frontiers in Plant Science;10.3389/fpls.2020.01223;SBA;ss715616460;Aglycines;SNP;a2.v1
Natukunda and MacIntosh;2020;Frontiers in Plant Science;10.3389/fpls.2020.01223;SBA;ss715616609;Aglycines;SNP;a2.v1
Natukunda and MacIntosh;2020;Frontiers in Plant Science;10.3389/fpls.2020.01223;SBA;ss715617401;Aglycines;SNP;a2.v1
Natukunda and MacIntosh;2020;Frontiers in Plant Science;10.3389/fpls.2020.01223;SBA;ss715618940;Aglycines;SNP;a2.v1
Natukunda and MacIntosh;2020;Frontiers in Plant Science;10.3389/fpls.2020.01223;SBA;ss715625258;Aglycines;SNP;a2.v1
Natukunda and MacIntosh;2020;Frontiers in Plant Science;10.3389/fpls.2020.01223;SBA;ss715624134;Aglycines;SNP;a2.v1
Natukunda and MacIntosh;2020;Frontiers in Plant Science;10.3389/fpls.2020.01223;SBA;ss715628067;Aglycines;SNP;a2.v1
Natukunda and MacIntosh;2020;Frontiers in Plant Science;10.3389/fpls.2020.01223;SBA;ss715631460;Aglycines;SNP;a2.v1
Natukunda and MacIntosh;2020;Frontiers in Plant Science;10.3389/fpls.2020.01223;SBA;ss715634601;Aglycines;SNP;a2.v1
Natukunda and MacIntosh;2020;Frontiers in Plant Science;10.3389/fpls.2020.01223;SBA;ss715635565;Aglycines;SNP;a2.v1
Natukunda and MacIntosh;2020;Frontiers in Plant Science;10.3389/fpls.2020.01223;SBA;ss715635663;Aglycines;SNP;a2.v1
Natukunda and MacIntosh;2020;Frontiers in Plant Science;10.3389/fpls.2020.01223;SBA;ss715635693;Aglycines;SNP;a2.v1
Natukunda and MacIntosh;2020;Frontiers in Plant Science;10.3389/fpls.2020.01223;SBA;ss715637718;Aglycines;SNP;a2.v1
Niu et al.;2018;Euphytica;10.1007/s10681-018-2262-8;SRR;Chr1-44414453;Psojae;SNP;a1.v1
Niu et al.;2018;Euphytica;10.1007/s10681-018-2262-8;SRR;Chr1-44457909;Psojae;SNP;a1.v1
Niu et al.;2018;Euphytica;10.1007/s10681-018-2262-8;SRR;Chr1-44458121;Psojae;SNP;a1.v1
Niu et al.;2018;Euphytica;10.1007/s10681-018-2262-8;SRR;Chr1-44436455;Psojae;SNP;a1.v1
Niu et al.;2018;Euphytica;10.1007/s10681-018-2262-8;SRR;Chr1-44438542;Psojae;SNP;a1.v1
Niu et al.;2018;Euphytica;10.1007/s10681-018-2262-8;SRR;Chr1-44439909;Psojae;SNP;a1.v1
Niu et al.;2018;Euphytica;10.1007/s10681-018-2262-8;SRR;Chr1-44440239;Psojae;SNP;a1.v1
Niu et al.;2018;Euphytica;10.1007/s10681-018-2262-8;SRR;Chr1-44443733;Psojae;SNP;a1.v1
Niu et al.;2018;Euphytica;10.1007/s10681-018-2262-8;SRR;Chr1-44443740;Psojae;SNP;a1.v1
Niu et al.;2018;Euphytica;10.1007/s10681-018-2262-8;SRR;Chr1-44475109;Psojae;SNP;a1.v1
Niu et al.;2018;Euphytica;10.1007/s10681-018-2262-8;SRR;Chr1-44475125;Psojae;SNP;a1.v1
Niu et al.;2018;Euphytica;10.1007/s10681-018-2262-8;SRR;Chr1-44433029;Psojae;SNP;a1.v1
Niu et al.;2018;Euphytica;10.1007/s10681-018-2262-8;SRR;Chr1-44436416;Psojae;SNP;a1.v1
Niu et al.;2018;Euphytica;10.1007/s10681-018-2262-8;SRR;Chr1-44436174;Psojae;SNP;a1.v1
Niu et al.;2018;Euphytica;10.1007/s10681-018-2262-8;SRR;Chr1-44458798;Psojae;SNP;a1.v1
Niu et al.;2018;Euphytica;10.1007/s10681-018-2262-8;SRR;Chr1-44458846;Psojae;SNP;a1.v1
Niu et al.;2018;Euphytica;10.1007/s10681-018-2262-8;SRR;Chr1-44486104;Psojae;SNP;a1.v1
Niu et al.;2018;Euphytica;10.1007/s10681-018-2262-8;SRR;Chr1-44414438;Psojae;SNP;a1.v1
Niu et al.;2018;Euphytica;10.1007/s10681-018-2262-8;SRR;Chr1-44519214;Psojae;SNP;a1.v1
Niu et al.;2018;Euphytica;10.1007/s10681-018-2262-8;SRR;Chr1-44519319;Psojae;SNP;a1.v1
Niu et al.;2018;Euphytica;10.1007/s10681-018-2262-8;SRR;Chr1-44546722;Psojae;SNP;a1.v1
Niu et al.;2018;Euphytica;10.1007/s10681-018-2262-8;SRR;Chr1-44547743;Psojae;SNP;a1.v1
Niu et al.;2018;Euphytica;10.1007/s10681-018-2262-8;SRR;Chr1-44550960;Psojae;SNP;a1.v1
Niu et al.;2018;Euphytica;10.1007/s10681-018-2262-8;SRR;Chr1-44550970;Psojae;SNP;a1.v1
Niu et al.;2018;Euphytica;10.1007/s10681-018-2262-8;SRR;Chr1-44550999;Psojae;SNP;a1.v1
Niu et al.;2018;Euphytica;10.1007/s10681-018-2262-8;SRR;Chr1-44550301;Psojae;SNP;a1.v1
Qin et al.;2017;Plos One;10.1371/journal.pone.0184613;SRR;Chr3-3889598;Psojae;SNP;a2.v1
Qin et al.;2017;Plos One;10.1371/journal.pone.0184613;SRR;Chr5-41615242;Psojae;SNP;a2.v1
Qin et al.;2017;Plos One;10.1371/journal.pone.0184613;SRR;Chr5-41648449;Psojae;SNP;a2.v1
Qin et al.;2017;Plos One;10.1371/journal.pone.0184613;SRR;Chr13-29036850;Psojae;SNP;a2.v1
Qin et al.;2017;Plos One;10.1371/journal.pone.0184613;SRR;Chr13-29042122;Psojae;SNP;a2.v1
Qin et al.;2017;Plos One;10.1371/journal.pone.0184613;SRR;Chr18-54969812;Psojae;SNP;a2.v1
Qin et al.;2017;Plos One;10.1371/journal.pone.0184613;SRR;Chr7-185603;Psojae;SNP;a2.v1
Qin et al.;2017;Plos One;10.1371/journal.pone.0184613;SRR;Chr3-4482448;Psojae;SNP;a2.v1
Qin et al.;2017;Plos One;10.1371/journal.pone.0184613;SRR;Chr4-47077729;Psojae;SNP;a2.v1
Qin et al.;2017;Plos One;10.1371/journal.pone.0184613;SRR;Chr4-47313368;Psojae;SNP;a2.v1
Qin et al.;2017;Plos One;10.1371/journal.pone.0184613;SRR;Chr4-47321023;Psojae;SNP;a2.v1
Qin et al.;2017;Plos One;10.1371/journal.pone.0184613;SRR;Chr4-47329974;Psojae;SNP;a2.v1
Qin et al.;2017;Plos One;10.1371/journal.pone.0184613;SRR;Chr4-47344338;Psojae;SNP;a2.v1
Qin et al.;2017;Plos One;10.1371/journal.pone.0184613;SRR;Chr4-47346053;Psojae;SNP;a2.v1
Qin et al.;2017;Plos One;10.1371/journal.pone.0184613;SRR;Chr4-47350352;Psojae;SNP;a2.v1
Qin et al.;2017;Plos One;10.1371/journal.pone.0184613;SRR;Chr4-47367432;Psojae;SNP;a2.v1
Qin et al.;2017;Plos One;10.1371/journal.pone.0184613;SRR;Chr4-47371413;Psojae;SNP;a2.v1
Qin et al.;2017;Plos One;10.1371/journal.pone.0184613;SRR;Chr13-10487933;Psojae;SNP;a2.v1
Qin et al.;2017;Plos One;10.1371/journal.pone.0184613;SRR;Chr13-9381699;Psojae;SNP;a2.v1
Qin et al.;2017;Plos One;10.1371/journal.pone.0184613;SRR;Chr3-31136061;Psojae;SNP;a2.v1
Qin et al.;2017;Plos One;10.1371/journal.pone.0184613;SRR;Chr3-5486669;Psojae;SNP;a2.v1
Qin et al.;2017;Plos One;10.1371/journal.pone.0184613;SRR;Chr10-39347629;Psojae;SNP;a2.v1
Qin et al.;2017;Plos One;10.1371/journal.pone.0184613;SRR;Chr10-39354992;Psojae;SNP;a2.v1
Qin et al.;2017;Plos One;10.1371/journal.pone.0184613;SRR;Chr10-39358965;Psojae;SNP;a2.v1
Qin et al.;2017;Plos One;10.1371/journal.pone.0184613;SRR;Chr10-39364212;Psojae;SNP;a2.v1
Qin et al.;2017;Plos One;10.1371/journal.pone.0184613;SRR;Chr10-39365693;Psojae;SNP;a2.v1
Qin et al.;2017;Plos One;10.1371/journal.pone.0184613;SRR;Chr10-39376495;Psojae;SNP;a2.v1
Qin et al.;2017;Plos One;10.1371/journal.pone.0184613;SRR;Chr10-39394332;Psojae;SNP;a2.v1
Qin et al.;2017;Plos One;10.1371/journal.pone.0184613;SRR;Chr14-7839347;Psojae;SNP;a2.v1
Qin et al.;2017;Plos One;10.1371/journal.pone.0184613;SRR;Chr14-7853431;Psojae;SNP;a2.v1
Qin et al.;2017;Plos One;10.1371/journal.pone.0184613;SRR;Chr14-7861677;Psojae;SNP;a2.v1
Qin et al.;2017;Plos One;10.1371/journal.pone.0184613;SRR;Chr18-53821341;Psojae;SNP;a2.v1
Sun et al.;2020;Plos One;10.1371/journal.pone.0233366;SSR;Chr1-28271068;Ssclerotiorum;SNP;a2.v1
Sun et al.;2020;Plos One;10.1371/journal.pone.0233366;SSR;Chr3-27991148;Ssclerotiorum;SNP;a2.v1
Sun et al.;2020;Plos One;10.1371/journal.pone.0233366;SSR;Chr5-14834789;Ssclerotiorum;SNP;a2.v1
Sun et al.;2020;Plos One;10.1371/journal.pone.0233366;SSR;Chr6-39027181;Ssclerotiorum;SNP;a2.v1
Sun et al.;2020;Plos One;10.1371/journal.pone.0233366;SSR;Chr12-7079865;Ssclerotiorum;SNP;a2.v1
Sun et al.;2020;Plos One;10.1371/journal.pone.0233366;SSR;Chr12-36426007;Ssclerotiorum;SNP;a2.v1
Sun et al.;2020;Plos One;10.1371/journal.pone.0233366;SSR;Chr18-949979;Ssclerotiorum;SNP;a2.v1
Zhang et al.;2017;Molecular Breeding;10.1007/s11032-017-0665-1;SCN;Chr8-8017355;Hglycines;SNP;a2.v1
Zhang et al.;2017;Molecular Breeding;10.1007/s11032-017-0665-1;SCN;Chr8-8285888;Hglycines;SNP;a2.v1
Zhang et al.;2017;Molecular Breeding;10.1007/s11032-017-0665-1;SCN;Chr8-42069304;Hglycines;SNP;a2.v1
Zhang et al.;2017;Molecular Breeding;10.1007/s11032-017-0665-1;SCN;Chr8-42145795;Hglycines;SNP;a2.v1
Zhang et al.;2017;Molecular Breeding;10.1007/s11032-017-0665-1;SCN;Chr8-42146252;Hglycines;SNP;a2.v1
Zhang et al.;2017;Molecular Breeding;10.1007/s11032-017-0665-1;SCN;Chr8-42210730;Hglycines;SNP;a2.v1
Zhang et al.;2017;Molecular Breeding;10.1007/s11032-017-0665-1;SCN;Chr8-42293287;Hglycines;SNP;a2.v1
Zhang et al.;2017;Molecular Breeding;10.1007/s11032-017-0665-1;SCN;Chr11-11983839;Hglycines;SNP;a2.v1
Zhang et al.;2017;Molecular Breeding;10.1007/s11032-017-0665-1;SCN;Chr13-28990627;Hglycines;SNP;a2.v1
Zhang et al.;2017;Molecular Breeding;10.1007/s11032-017-0665-1;SCN;Chr17-829587;Hglycines;SNP;a2.v1
Zhang et al.;2017;Molecular Breeding;10.1007/s11032-017-0665-1;SCN;Chr17-904110;Hglycines;SNP;a2.v1
Zhang et al.;2017;Molecular Breeding;10.1007/s11032-017-0665-1;SCN;Chr18-1979690;Hglycines;SNP;a2.v1
Zhang et al.;2017;Molecular Breeding;10.1007/s11032-017-0665-1;SCN;Chr18-46858485;Hglycines;SNP;a2.v1
Zhang et al.;2019;Theoretical and Applied Genetics;10.1007/s00122-019-03401-5;SDS;Chr7-5606055;Fequiseti;SNP;a2.v1
Zhang et al.;2019;Theoretical and Applied Genetics;10.1007/s00122-019-03401-5;SDS;Chr7-5602713;Fequiseti;SNP;a2.v1
Zhang et al.;2019;Theoretical and Applied Genetics;10.1007/s00122-019-03401-5;SDS;Chr7-5607170;Fequiseti;SNP;a2.v1
Zhang et al.;2019;Theoretical and Applied Genetics;10.1007/s00122-019-03401-5;SDS;Chr7-5719250;Fequiseti;SNP;a2.v1
Zhang et al.;2019;Theoretical and Applied Genetics;10.1007/s00122-019-03401-5;SDS;Chr7-5719409;Fequiseti;SNP;a2.v1
Zhang et al.;2019;Theoretical and Applied Genetics;10.1007/s00122-019-03401-5;SDS;Chr7-5719433;Fequiseti;SNP;a2.v1
Zhang et al.;2019;Theoretical and Applied Genetics;10.1007/s00122-019-03401-5;SDS;Chr7-5719525;Fequiseti;SNP;a2.v1
Zhang et al.;2019;Theoretical and Applied Genetics;10.1007/s00122-019-03401-5;SDS;Chr7-5724019;Fequiseti;SNP;a2.v1
Zhang et al.;2019;Theoretical and Applied Genetics;10.1007/s00122-019-03401-5;SDS;Chr7-5724124;Fequiseti;SNP;a2.v1
Zhang et al.;2019;Theoretical and Applied Genetics;10.1007/s00122-019-03401-5;SDS;Chr7-5725591;Fequiseti;SNP;a2.v1
Zhang et al.;2019;Theoretical and Applied Genetics;10.1007/s00122-019-03401-5;SDS;Chr7-5727110;Fequiseti;SNP;a2.v1
Zhang et al.;2019;Theoretical and Applied Genetics;10.1007/s00122-019-03401-5;SDS;Chr7-5727130;Fequiseti;SNP;a2.v1
Zhang et al.;2019;Theoretical and Applied Genetics;10.1007/s00122-019-03401-5;SDS;Chr7-5727466;Fequiseti;SNP;a2.v1
Zhang et al.;2019;Theoretical and Applied Genetics;10.1007/s00122-019-03401-5;SDS;Chr7-5817165;Fequiseti;SNP;a2.v1
Zhang et al.;2019;Theoretical and Applied Genetics;10.1007/s00122-019-03401-5;SDS;Chr7-5824197;Fequiseti;SNP;a2.v1
Zhang et al.;2019;Theoretical and Applied Genetics;10.1007/s00122-019-03401-5;SDS;Chr7-5824209;Fequiseti;SNP;a2.v1
Zhang et al.;2019;Theoretical and Applied Genetics;10.1007/s00122-019-03401-5;SDS;Chr7-5824040;Fequiseti;SNP;a2.v1
Zhang et al.;2019;Theoretical and Applied Genetics;10.1007/s00122-019-03401-5;SDS;Chr7-5825434;Fequiseti;SNP;a2.v1
Zhang et al.;2019;Theoretical and Applied Genetics;10.1007/s00122-019-03401-5;SDS;Chr7-5825464;Fequiseti;SNP;a2.v1
Zhang et al.;2019;Theoretical and Applied Genetics;10.1007/s00122-019-03401-5;SDS;Chr7-5888931;Fequiseti;SNP;a2.v1
Zhang et al.;2019;Theoretical and Applied Genetics;10.1007/s00122-019-03401-5;SDS;Chr7-5889669;Fequiseti;SNP;a2.v1
Zhang et al.;2019;Theoretical and Applied Genetics;10.1007/s00122-019-03401-5;SDS;Chr7-5889980;Fequiseti;SNP;a2.v1
Zhang et al.;2019;Theoretical and Applied Genetics;10.1007/s00122-019-03401-5;SDS;Chr7-5893494;Fequiseti;SNP;a2.v1
Zhang et al.;2019;Theoretical and Applied Genetics;10.1007/s00122-019-03401-5;SDS;Chr7-5896748;Fequiseti;SNP;a2.v1
Zhang et al.;2019;Theoretical and Applied Genetics;10.1007/s00122-019-03401-5;SDS;Chr13-298772;Fequiseti;SNP;a2.v1
Zhang et al.;2019;Theoretical and Applied Genetics;10.1007/s00122-019-03401-5;SDS;Chr13-3806935;Fequiseti;SNP;a2.v1
Zhang et al.;2019;Theoretical and Applied Genetics;10.1007/s00122-019-03401-5;SDS;Chr17-4212118;Fequiseti;SNP;a2.v1
Rincker et al.;2016;The Plant Genome;10.3835/plantgenome2015.08.0064;BSR;ss715582341;Pgregata;SNP;a2.v1
Rincker et al.;2016;The Plant Genome;10.3835/plantgenome2015.08.0064;BSR;ss715582351;Pgregata;SNP;a2.v1
Rincker et al.;2016;The Plant Genome;10.3835/plantgenome2015.08.0064;BSR;ss715582353;Pgregata;SNP;a2.v1
Rincker et al.;2016;The Plant Genome;10.3835/plantgenome2015.08.0064;BSR;ss715582534;Pgregata;SNP;a2.v1
Rincker et al.;2016;The Plant Genome;10.3835/plantgenome2015.08.0064;BSR;ss715624149;Pgregata;SNP;a2.v1
Rincker et al.;2016;The Plant Genome;10.3835/plantgenome2015.08.0064;BSR;ss715624163;Pgregata;SNP;a2.v1
Rincker et al.;2016;The Plant Genome;10.3835/plantgenome2015.08.0064;BSR;ss715624168;Pgregata;SNP;a2.v1
Rincker et al.;2016;The Plant Genome;10.3835/plantgenome2015.08.0064;BSR;ss715624543;Pgregata;SNP;a2.v1
Rincker et al.;2016;The Plant Genome;10.3835/plantgenome2015.08.0064;BSR;ss715624549;Pgregata;SNP;a2.v1
Rincker et al.;2016;The Plant Genome;10.3835/plantgenome2015.08.0064;BSR;ss715624559;Pgregata;SNP;a2.v1
Rincker et al.;2016;The Plant Genome;10.3835/plantgenome2015.08.0064;BSR;ss715624611;Pgregata;SNP;a2.v1
Rincker et al.;2016;The Plant Genome;10.3835/plantgenome2015.08.0064;BSR;ss715624616;Pgregata;SNP;a2.v1
Rincker et al.;2016;The Plant Genome;10.3835/plantgenome2015.08.0064;BSR;ss715624945;Pgregata;SNP;a2.v1
Rincker et al.;2016;The Plant Genome;10.3835/plantgenome2015.08.0064;BSR;ss715627222;Pgregata;SNP;a2.v1
Rincker et al.;2016;The Plant Genome;10.3835/plantgenome2015.08.0064;BSR;ss715627239;Pgregata;SNP;a2.v1
Rincker et al.;2016;The Plant Genome;10.3835/plantgenome2015.08.0064;BSR;ss715591815;Pgregata;SNP;a2.v1
Rincker et al.;2016;The Plant Genome;10.3835/plantgenome2015.08.0064;BSR;ss715591812;Pgregata;SNP;a2.v1
Rincker et al.;2016;The Plant Genome;10.3835/plantgenome2015.08.0064;BSR;ss715591796;Pgregata;SNP;a2.v1
Rincker et al.;2016;The Plant Genome;10.3835/plantgenome2015.08.0064;BSR;ss715591790;Pgregata;SNP;a2.v1
Rincker et al.;2016;The Plant Genome;10.3835/plantgenome2015.08.0064;BSR;ss715602692;Pgregata;SNP;a2.v1
Rincker et al.;2016;The Plant Genome;10.3835/plantgenome2015.08.0064;BSR;ss715602693;Pgregata;SNP;a2.v1
Rincker et al.;2016;The Plant Genome;10.3835/plantgenome2015.08.0064;BSR;ss715602695;Pgregata;SNP;a2.v1
Rincker et al.;2016;The Plant Genome;10.3835/plantgenome2015.08.0064;BSR;ss715624456;Pgregata;SNP;a2.v1
Rincker et al.;2016;The Plant Genome;10.3835/plantgenome2015.08.0064;BSR;ss715624501;Pgregata;SNP;a2.v1
Rincker et al.;2016;The Plant Genome;10.3835/plantgenome2015.08.0064;BSR;ss715624520;Pgregata;SNP;a2.v1
Rincker et al.;2016;The Plant Genome;10.3835/plantgenome2015.08.0064;BSR;ss715624524;Pgregata;SNP;a2.v1
Rincker et al.;2016;The Plant Genome;10.3835/plantgenome2015.08.0064;BSR;ss715624526;Pgregata;SNP;a2.v1
Rincker et al.;2016;The Plant Genome;10.3835/plantgenome2015.08.0064;BSR;ss715624527;Pgregata;SNP;a2.v1
Rincker et al.;2016;The Plant Genome;10.3835/plantgenome2015.08.0064;BSR;ss715624528;Pgregata;SNP;a2.v1
Rincker et al.;2016;The Plant Genome;10.3835/plantgenome2015.08.0064;BSR;ss715624529;Pgregata;SNP;a2.v1
Rincker et al.;2016;The Plant Genome;10.3835/plantgenome2015.08.0064;BSR;ss715624535;Pgregata;SNP;a2.v1
Rincker et al.;2016;The Plant Genome;10.3835/plantgenome2015.08.0064;BSR;ss715624538;Pgregata;SNP;a2.v1
Rincker et al.;2016;The Plant Genome;10.3835/plantgenome2015.08.0064;BSR;ss715624540;Pgregata;SNP;a2.v1
Rincker et al.;2016;The Plant Genome;10.3835/plantgenome2015.08.0064;BSR;ss715624544;Pgregata;SNP;a2.v1
Rincker et al.;2016;The Plant Genome;10.3835/plantgenome2015.08.0064;BSR;ss715624546;Pgregata;SNP;a2.v1
Rincker et al.;2016;The Plant Genome;10.3835/plantgenome2015.08.0064;BSR;ss715624549;Pgregata;SNP;a2.v1
Rincker et al.;2016;The Plant Genome;10.3835/plantgenome2015.08.0064;BSR;ss715624557;Pgregata;SNP;a2.v1
Rincker et al.;2016;The Plant Genome;10.3835/plantgenome2015.08.0064;BSR;ss715624558;Pgregata;SNP;a2.v1
Rincker et al.;2016;The Plant Genome;10.3835/plantgenome2015.08.0064;BSR;ss715624559;Pgregata;SNP;a2.v1
Rincker et al.;2016;The Plant Genome;10.3835/plantgenome2015.08.0064;BSR;ss715624573;Pgregata;SNP;a2.v1
Rincker et al.;2016;The Plant Genome;10.3835/plantgenome2015.08.0064;BSR;ss715624574;Pgregata;SNP;a2.v1
Rincker et al.;2016;The Plant Genome;10.3835/plantgenome2015.08.0064;BSR;ss715624576;Pgregata;SNP;a2.v1
Rincker et al.;2016;The Plant Genome;10.3835/plantgenome2015.08.0064;BSR;ss715624585;Pgregata;SNP;a2.v1
Rincker et al.;2016;The Plant Genome;10.3835/plantgenome2015.08.0064;BSR;ss715624587;Pgregata;SNP;a2.v1
Rincker et al.;2016;The Plant Genome;10.3835/plantgenome2015.08.0064;BSR;ss715624593;Pgregata;SNP;a2.v1
Rincker et al.;2016;The Plant Genome;10.3835/plantgenome2015.08.0064;BSR;ss715624596;Pgregata;SNP;a2.v1
Rincker et al.;2016;The Plant Genome;10.3835/plantgenome2015.08.0064;BSR;ss715624602;Pgregata;SNP;a2.v1
Rincker et al.;2016;The Plant Genome;10.3835/plantgenome2015.08.0064;BSR;ss715624618;Pgregata;SNP;a2.v1
Rincker et al.;2016;The Plant Genome;10.3835/plantgenome2015.08.0064;BSR;ss715624623;Pgregata;SNP;a2.v1
Rincker et al.;2016;The Plant Genome;10.3835/plantgenome2015.08.0064;BSR;ss715624865;Pgregata;SNP;a2.v1
Rincker et al.;2016;The Plant Genome;10.3835/plantgenome2015.08.0064;BSR;ss715624946;Pgregata;SNP;a2.v1
Rincker et al.;2016;The Plant Genome;10.3835/plantgenome2015.08.0064;BSR;ss715624526;Pgregata;SNP;a2.v1
Rincker et al.;2016;The Plant Genome;10.3835/plantgenome2015.08.0064;BSR;ss715624529;Pgregata;SNP;a2.v1
Rincker et al.;2016;The Plant Genome;10.3835/plantgenome2015.08.0064;BSR;ss715624538;Pgregata;SNP;a2.v1
Rincker et al.;2016;The Plant Genome;10.3835/plantgenome2015.08.0064;BSR;ss715624557;Pgregata;SNP;a2.v1
Rincker et al.;2016;The Plant Genome;10.3835/plantgenome2015.08.0064;BSR;ss715624558;Pgregata;SNP;a2.v1
Rincker et al.;2016;The Plant Genome;10.3835/plantgenome2015.08.0064;BSR;ss715624573;Pgregata;SNP;a2.v1
Rincker et al.;2016;The Plant Genome;10.3835/plantgenome2015.08.0064;BSR;ss715624576;Pgregata;SNP;a2.v1
Rincker et al.;2016;The Plant Genome;10.3835/plantgenome2015.08.0064;BSR;ss715624583;Pgregata;SNP;a2.v1
Rincker et al.;2016;The Plant Genome;10.3835/plantgenome2015.08.0064;BSR;ss715624587;Pgregata;SNP;a2.v1
Rincker et al.;2016;The Plant Genome;10.3835/plantgenome2015.08.0064;BSR;ss715624973;Pgregata;SNP;a2.v1